-- MySQL dump 10.13  Distrib 5.7.12, for osx10.9 (x86_64)
--
-- Host: localhost    Database: bahamas
-- ------------------------------------------------------
-- Server version	5.7.13-0ubuntu0.16.04.2

/*!40101 SET @OLD_CHARACTER_SET_CLIENT=@@CHARACTER_SET_CLIENT */;
/*!40101 SET @OLD_CHARACTER_SET_RESULTS=@@CHARACTER_SET_RESULTS */;
/*!40101 SET @OLD_COLLATION_CONNECTION=@@COLLATION_CONNECTION */;
/*!40101 SET NAMES utf8 */;
/*!40103 SET @OLD_TIME_ZONE=@@TIME_ZONE */;
/*!40103 SET TIME_ZONE='+00:00' */;
/*!40014 SET @OLD_UNIQUE_CHECKS=@@UNIQUE_CHECKS, UNIQUE_CHECKS=0 */;
/*!40014 SET @OLD_FOREIGN_KEY_CHECKS=@@FOREIGN_KEY_CHECKS, FOREIGN_KEY_CHECKS=0 */;
/*!40101 SET @OLD_SQL_MODE=@@SQL_MODE, SQL_MODE='NO_AUTO_VALUE_ON_ZERO' */;
/*!40111 SET @OLD_SQL_NOTES=@@SQL_NOTES, SQL_NOTES=0 */;

--
-- Table structure for table `ADDRESS`
--

DROP TABLE IF EXISTS `ADDRESS`;
/*!40101 SET @saved_cs_client     = @@character_set_client */;
/*!40101 SET character_set_client = utf8 */;
CREATE TABLE `ADDRESS` (
  `ADDRESS_ID` int(11) NOT NULL AUTO_INCREMENT,
  `CONTACT_ID` int(11) NOT NULL,
  `DATE_CREATED` datetime NOT NULL,
  `CREATED_BY` varchar(50) NOT NULL,
  `ADDRESS` varchar(1000) NOT NULL,
  `COUNTRY` varchar(50) DEFAULT NULL,
  `ZIPCODE` varchar(20) DEFAULT NULL,
  `REMARKS` varchar(1000) DEFAULT NULL,
  `DATE_OBSOLETE` date DEFAULT NULL,
  PRIMARY KEY (`ADDRESS_ID`),
  KEY `ADDRESS_FK1` (`CONTACT_ID`),
  CONSTRAINT `ADDRESS_FK1` FOREIGN KEY (`CONTACT_ID`) REFERENCES `CONTACT` (`CONTACT_ID`) ON DELETE CASCADE
) ENGINE=InnoDB AUTO_INCREMENT=822 DEFAULT CHARSET=utf8;
/*!40101 SET character_set_client = @saved_cs_client */;

--
-- Dumping data for table `ADDRESS`
--

/*!40000 ALTER TABLE `ADDRESS` DISABLE KEYS */;
INSERT INTO `ADDRESS` VALUES (1,11,'2016-09-14 17:33:20','huxleygoh','erwgwergwtgf','Singapore',NULL,NULL,NULL),(2,14,'2016-09-14 17:36:35','thaonguyen','9/77 Ho Dac Di Street','Singapore','123456','Hello Babe',NULL),(3,15,'2016-09-14 17:38:03','admin1','125 Sengkang','Singapore','540125','Remarks address',NULL),(4,12,'2016-09-14 19:23:14','admin1','Blk 46 Hillview Ave #08-05','Singapore','669615',NULL,NULL),(5,19,'2016-09-14 19:25:19','minyi1','5001 Beach road GoldenMile Complex #09-86','Singapore','199588',NULL,NULL),(6,17,'2016-09-14 19:29:13','Debbie1','27 Mount Faber Road 05-16','Singapore','099200',NULL,NULL),(7,22,'2016-09-14 19:30:02','Miguel1','Whampoa','Singapore',NULL,NULL,NULL),(8,21,'2016-09-14 19:31:50','leong1','18 Sian Tuan Avenue','Singapore','123456',NULL,NULL),(9,36,'2016-09-19 11:27:38','admin1','499 gobsmacking Street','Singapore','4448','The power of such eruptions is measured using the Volcanic Explosivity Index (VEI) a classification system developed in the 1980 that\'s somewhat akin to the magnitude scale for earthquakes. The scale goes from 1 to 8, and each succeeding VEI is 10 times greater than the last.',NULL),(10,47,'2016-09-20 15:43:02','sapiens','332 Thomson Square','Singapore','616155','Construction began in April 1859, and at first digging was done by hand with picks and shovels wielded by forced laborers. Later, European workers with dredgers and steam shovels arrived. Labor disputes and a cholera epidemic slowed construction, and the Suez Canal was not completed until 1869–four years behind schedule. On November 17, 1869, the Suez Canal was opened to navigation. Ferdinand de Lesseps would later attempt, unsuccessfully, to build a canal across the Isthmus of Panama.',NULL),(11,48,'2016-09-20 15:46:21','sapiens','7866 Wellington Heights','Singapore','4trtt 33','When it opened, the Suez Canal was only 25 feet deep, 72 feet wide at the bottom, and 200 to 300 feet wide at the surface. Consequently, fewer than 500 ships navigated it in its first full year of operation. Major improvements began in 1876, however, and the canal soon grew into the one of the world’s most heavily traveled shipping lanes. In 1875, Great Britain became the largest shareholder in the Suez Canal Company when it bought up the stock of the new Ottoman governor of Egypt.',NULL),(12,49,'2016-09-20 15:48:45','sapiens','907T- wegdnfeanfa odgjshedhdf gde yrnysgs','Singapore','306-YYr','When it opened, the Suez Canal was only 25 feet deep, 72 feet wide at the bottom, and 200 to 300 feet wide at the surface. Consequently, fewer than 500 ships navigated it in its first full year of operation. Major improvements began in 1876, however, and the canal soon grew into the one of the world’s most heavily traveled shipping lanes. In 1875, Great Britain became the largest shareholder in the Suez Canal Company when it bought up the stock of the new Ottoman governor of Egypt.',NULL),(13,50,'2016-09-20 15:51:45','sapiens','Block 45, Dpw etasocajfr wkfaj sd anfasnb Street, #09-881','Singapore','44474','Ten years later, Egypt shut down the canal again following the Six Day War and Israel’s occupation of the Sinai Peninsula. For the next eight years, the Suez Canal, which separates the Sinai from the rest of Egypt, existed as the front line between the Egyptian and Israeli armies. In 1975, Egyptian President Anwar el-Sadat reopened the Suez Canal as a gesture of peace after talks with Israel. Today, an average of 50 ships navigate the canal daily, carrying more than 300 million tons of goods a year.',NULL),(15,68,'2016-09-22 17:10:57','sapiens','Block 661 Ferguson Road #07-805','Singapore','8979223',NULL,NULL),(16,70,'2016-09-26 14:51:36','sapiens','2364-84  sdufia pegia hedf iefh sbef','Singapore','t63489',NULL,NULL),(17,71,'2016-09-26 15:59:46','Sapiens','Block 657 harinyo street 5, #05-15','Singapore','769600',NULL,NULL),(18,77,'2016-10-03 14:39:54','admin1','Singapore Management UNiversity','Singapore','112233',NULL,NULL);
/*!40000 ALTER TABLE `ADDRESS` ENABLE KEYS */;

--
-- Table structure for table `APPRECIATION`
--

DROP TABLE IF EXISTS `APPRECIATION`;
/*!40101 SET @saved_cs_client     = @@character_set_client */;
/*!40101 SET character_set_client = utf8 */;
CREATE TABLE `APPRECIATION` (
  `APPRECIATION_ID` int(11) NOT NULL AUTO_INCREMENT,
  `CONTACT_ID` int(11) NOT NULL,
  `CREATED_BY` varchar(50) NOT NULL,
  `DATE_CREATED` datetime NOT NULL,
  `APPRAISAL_COMMENTS` varchar(500) DEFAULT NULL,
  `APPRAISAL_BY` varchar(50) DEFAULT NULL,
  `APPRAISAL_DATE` date DEFAULT NULL,
  `APPRECIATION_GESTURE` varchar(500) DEFAULT NULL,
  `APPRECIATION_BY` varchar(50) DEFAULT NULL,
  `APPRECIATION_DATE` date DEFAULT NULL,
  `REMARKS` varchar(1000) DEFAULT NULL,
  PRIMARY KEY (`APPRECIATION_ID`),
  KEY `APPRECIATION_FK1` (`CONTACT_ID`),
  CONSTRAINT `APPRECIATION_FK1` FOREIGN KEY (`CONTACT_ID`) REFERENCES `CONTACT` (`CONTACT_ID`)
) ENGINE=InnoDB DEFAULT CHARSET=utf8;
/*!40101 SET character_set_client = @saved_cs_client */;

--
-- Dumping data for table `APPRECIATION`
--

/*!40000 ALTER TABLE `APPRECIATION` DISABLE KEYS */;
/*!40000 ALTER TABLE `APPRECIATION` ENABLE KEYS */;

--
-- Table structure for table `APP_NOTIFICATION`
--

DROP TABLE IF EXISTS `APP_NOTIFICATION`;
/*!40101 SET @saved_cs_client     = @@character_set_client */;
/*!40101 SET character_set_client = utf8 */;
CREATE TABLE `APP_NOTIFICATION` (
  `NOTIFICATION_ID` int(11) NOT NULL AUTO_INCREMENT,
  `CONTACT_ID` int(11) NOT NULL,
  `EVENT_ID` int(11) DEFAULT NULL,
  `STATE` varchar(1000) NOT NULL,
  `MESSAGE` varchar(1000) NOT NULL,
  PRIMARY KEY (`NOTIFICATION_ID`)
) ENGINE=InnoDB AUTO_INCREMENT=2147 DEFAULT CHARSET=utf8;
/*!40101 SET character_set_client = @saved_cs_client */;

--
-- Dumping data for table `APP_NOTIFICATION`
--

/*!40000 ALTER TABLE `APP_NOTIFICATION` DISABLE KEYS */;
INSERT INTO `APP_NOTIFICATION` VALUES (1919,68,262,'.viewIndivEvent','\"Meeting with Zuerst\" event has been created. Click to view event.'),(1920,69,262,'.viewIndivEvent','\"Meeting with Zuerst\" event has been created. Click to view event.'),(1921,11,262,'.viewIndivEvent','\"Meeting with Zuerst\" event has been created. Click to view event.'),(1922,75,262,'.viewIndivEvent','\"Meeting with Zuerst\" event has been created. Click to view event.'),(1923,12,262,'.viewIndivEvent','\"Meeting with Zuerst\" event has been created. Click to view event.'),(1924,14,262,'.viewIndivEvent','\"Meeting with Zuerst\" event has been created. Click to view event.'),(1926,47,262,'.viewIndivEvent','\"Meeting with Zuerst\" event has been created. Click to view event.'),(1927,48,262,'.viewIndivEvent','\"Meeting with Zuerst\" event has been created. Click to view event.'),(1928,17,262,'.viewIndivEvent','\"Meeting with Zuerst\" event has been created. Click to view event.'),(1929,18,262,'.viewIndivEvent','\"Meeting with Zuerst\" event has been created. Click to view event.'),(1930,50,262,'.viewIndivEvent','\"Meeting with Zuerst\" event has been created. Click to view event.'),(1931,19,262,'.viewIndivEvent','\"Meeting with Zuerst\" event has been created. Click to view event.'),(1932,21,262,'.viewIndivEvent','\"Meeting with Zuerst\" event has been created. Click to view event.'),(1933,22,262,'.viewIndivEvent','\"Meeting with Zuerst\" event has been created. Click to view event.'),(1935,66,263,'.viewIndivEvent','\"Interview with CNA\" event has been created. Click to view event.'),(1936,13,263,'.viewIndivEvent','\"Interview with CNA\" event has been created. Click to view event.'),(1937,47,263,'.viewIndivEvent','\"Interview with CNA\" event has been created. Click to view event.'),(1938,48,263,'.viewIndivEvent','\"Interview with CNA\" event has been created. Click to view event.'),(1939,17,263,'.viewIndivEvent','\"Interview with CNA\" event has been created. Click to view event.'),(1940,49,263,'.viewIndivEvent','\"Interview with CNA\" event has been created. Click to view event.'),(1941,50,263,'.viewIndivEvent','\"Interview with CNA\" event has been created. Click to view event.'),(1942,19,263,'.viewIndivEvent','\"Interview with CNA\" event has been created. Click to view event.'),(1943,59,263,'.viewIndivEvent','\"Interview with CNA\" event has been created. Click to view event.'),(1944,61,263,'.viewIndivEvent','\"Interview with CNA\" event has been created. Click to view event.'),(1945,62,263,'.viewIndivEvent','\"Interview with CNA\" event has been created. Click to view event.'),(1946,63,263,'.viewIndivEvent','\"Interview with CNA\" event has been created. Click to view event.'),(1948,68,NULL,'.viewUpcomingEvents','\"Dinner @ Alankar\" events have been created. Click to view events.'),(1949,69,NULL,'.viewUpcomingEvents','\"Dinner @ Alankar\" events have been created. Click to view events.'),(1950,11,NULL,'.viewUpcomingEvents','\"Dinner @ Alankar\" events have been created. Click to view events.'),(1951,75,NULL,'.viewUpcomingEvents','\"Dinner @ Alankar\" events have been created. Click to view events.'),(1952,12,NULL,'.viewUpcomingEvents','\"Dinner @ Alankar\" events have been created. Click to view events.'),(1953,14,NULL,'.viewUpcomingEvents','\"Dinner @ Alankar\" events have been created. Click to view events.'),(1955,47,NULL,'.viewUpcomingEvents','\"Dinner @ Alankar\" events have been created. Click to view events.'),(1956,48,NULL,'.viewUpcomingEvents','\"Dinner @ Alankar\" events have been created. Click to view events.'),(1957,17,NULL,'.viewUpcomingEvents','\"Dinner @ Alankar\" events have been created. Click to view events.'),(1958,18,NULL,'.viewUpcomingEvents','\"Dinner @ Alankar\" events have been created. Click to view events.'),(1959,50,NULL,'.viewUpcomingEvents','\"Dinner @ Alankar\" events have been created. Click to view events.'),(1960,19,NULL,'.viewUpcomingEvents','\"Dinner @ Alankar\" events have been created. Click to view events.'),(1961,21,NULL,'.viewUpcomingEvents','\"Dinner @ Alankar\" events have been created. Click to view events.'),(1962,22,NULL,'.viewUpcomingEvents','\"Dinner @ Alankar\" events have been created. Click to view events.'),(1964,68,269,'.viewIndivEvent','\"Breakfast @ Alankar\" event has been created. Click to view event.'),(1965,69,269,'.viewIndivEvent','\"Breakfast @ Alankar\" event has been created. Click to view event.'),(1966,11,269,'.viewIndivEvent','\"Breakfast @ Alankar\" event has been created. Click to view event.'),(1967,75,269,'.viewIndivEvent','\"Breakfast @ Alankar\" event has been created. Click to view event.'),(1968,12,269,'.viewIndivEvent','\"Breakfast @ Alankar\" event has been created. Click to view event.'),(1969,14,269,'.viewIndivEvent','\"Breakfast @ Alankar\" event has been created. Click to view event.'),(1971,47,269,'.viewIndivEvent','\"Breakfast @ Alankar\" event has been created. Click to view event.'),(1972,48,269,'.viewIndivEvent','\"Breakfast @ Alankar\" event has been created. Click to view event.'),(1973,17,269,'.viewIndivEvent','\"Breakfast @ Alankar\" event has been created. Click to view event.'),(1974,18,269,'.viewIndivEvent','\"Breakfast @ Alankar\" event has been created. Click to view event.'),(1975,50,269,'.viewIndivEvent','\"Breakfast @ Alankar\" event has been created. Click to view event.'),(1976,19,269,'.viewIndivEvent','\"Breakfast @ Alankar\" event has been created. Click to view event.'),(1977,21,269,'.viewIndivEvent','\"Breakfast @ Alankar\" event has been created. Click to view event.'),(1978,22,269,'.viewIndivEvent','\"Breakfast @ Alankar\" event has been created. Click to view event.'),(1980,68,NULL,'.viewUpcomingEvents','\"Breakfast @ Alankar\" events have been created. Click to view events.'),(1981,69,NULL,'.viewUpcomingEvents','\"Breakfast @ Alankar\" events have been created. Click to view events.'),(1982,11,NULL,'.viewUpcomingEvents','\"Breakfast @ Alankar\" events have been created. Click to view events.'),(1983,75,NULL,'.viewUpcomingEvents','\"Breakfast @ Alankar\" events have been created. Click to view events.'),(1984,12,NULL,'.viewUpcomingEvents','\"Breakfast @ Alankar\" events have been created. Click to view events.'),(1985,14,NULL,'.viewUpcomingEvents','\"Breakfast @ Alankar\" events have been created. Click to view events.'),(1987,47,NULL,'.viewUpcomingEvents','\"Breakfast @ Alankar\" events have been created. Click to view events.'),(1988,48,NULL,'.viewUpcomingEvents','\"Breakfast @ Alankar\" events have been created. Click to view events.'),(1989,17,NULL,'.viewUpcomingEvents','\"Breakfast @ Alankar\" events have been created. Click to view events.'),(1990,18,NULL,'.viewUpcomingEvents','\"Breakfast @ Alankar\" events have been created. Click to view events.'),(1991,50,NULL,'.viewUpcomingEvents','\"Breakfast @ Alankar\" events have been created. Click to view events.'),(1992,19,NULL,'.viewUpcomingEvents','\"Breakfast @ Alankar\" events have been created. Click to view events.'),(1993,21,NULL,'.viewUpcomingEvents','\"Breakfast @ Alankar\" events have been created. Click to view events.'),(1994,22,NULL,'.viewUpcomingEvents','\"Breakfast @ Alankar\" events have been created. Click to view events.'),(1997,66,274,'.viewIndivEvent','\"Recreational Basketball Match\" event has been created. Click to view event.'),(1998,68,274,'.viewIndivEvent','\"Recreational Basketball Match\" event has been created. Click to view event.'),(1999,69,274,'.viewIndivEvent','\"Recreational Basketball Match\" event has been created. Click to view event.'),(2000,11,274,'.viewIndivEvent','\"Recreational Basketball Match\" event has been created. Click to view event.'),(2001,75,274,'.viewIndivEvent','\"Recreational Basketball Match\" event has been created. Click to view event.'),(2002,12,274,'.viewIndivEvent','\"Recreational Basketball Match\" event has been created. Click to view event.'),(2003,13,274,'.viewIndivEvent','\"Recreational Basketball Match\" event has been created. Click to view event.'),(2004,14,274,'.viewIndivEvent','\"Recreational Basketball Match\" event has been created. Click to view event.'),(2006,17,274,'.viewIndivEvent','\"Recreational Basketball Match\" event has been created. Click to view event.'),(2007,18,274,'.viewIndivEvent','\"Recreational Basketball Match\" event has been created. Click to view event.'),(2008,19,274,'.viewIndivEvent','\"Recreational Basketball Match\" event has been created. Click to view event.'),(2009,21,274,'.viewIndivEvent','\"Recreational Basketball Match\" event has been created. Click to view event.'),(2010,22,274,'.viewIndivEvent','\"Recreational Basketball Match\" event has been created. Click to view event.'),(2011,47,274,'.viewIndivEvent','\"Recreational Basketball Match\" event has been created. Click to view event.'),(2012,48,274,'.viewIndivEvent','\"Recreational Basketball Match\" event has been created. Click to view event.'),(2013,49,274,'.viewIndivEvent','\"Recreational Basketball Match\" event has been created. Click to view event.'),(2014,50,274,'.viewIndivEvent','\"Recreational Basketball Match\" event has been created. Click to view event.'),(2015,59,274,'.viewIndivEvent','\"Recreational Basketball Match\" event has been created. Click to view event.'),(2016,61,274,'.viewIndivEvent','\"Recreational Basketball Match\" event has been created. Click to view event.'),(2017,62,274,'.viewIndivEvent','\"Recreational Basketball Match\" event has been created. Click to view event.'),(2018,63,274,'.viewIndivEvent','\"Recreational Basketball Match\" event has been created. Click to view event.'),(2022,68,NULL,'.viewUpcomingEvents','\"Mid term lunch\" events have been created. Click to view events.'),(2023,69,NULL,'.viewUpcomingEvents','\"Mid term lunch\" events have been created. Click to view events.'),(2024,11,NULL,'.viewUpcomingEvents','\"Mid term lunch\" events have been created. Click to view events.'),(2025,75,NULL,'.viewUpcomingEvents','\"Mid term lunch\" events have been created. Click to view events.'),(2026,12,NULL,'.viewUpcomingEvents','\"Mid term lunch\" events have been created. Click to view events.'),(2027,14,NULL,'.viewUpcomingEvents','\"Mid term lunch\" events have been created. Click to view events.'),(2028,47,NULL,'.viewUpcomingEvents','\"Mid term lunch\" events have been created. Click to view events.'),(2029,48,NULL,'.viewUpcomingEvents','\"Mid term lunch\" events have been created. Click to view events.'),(2030,17,NULL,'.viewUpcomingEvents','\"Mid term lunch\" events have been created. Click to view events.'),(2031,18,NULL,'.viewUpcomingEvents','\"Mid term lunch\" events have been created. Click to view events.'),(2032,50,NULL,'.viewUpcomingEvents','\"Mid term lunch\" events have been created. Click to view events.'),(2033,19,NULL,'.viewUpcomingEvents','\"Mid term lunch\" events have been created. Click to view events.'),(2034,21,NULL,'.viewUpcomingEvents','\"Mid term lunch\" events have been created. Click to view events.'),(2035,22,NULL,'.viewUpcomingEvents','\"Mid term lunch\" events have been created. Click to view events.'),(2037,68,275,'.viewIndivEvent','Event \"Mid term lunch\" has been updated. Click to view event.'),(2038,69,275,'.viewIndivEvent','Event \"Mid term lunch\" has been updated. Click to view event.'),(2039,11,275,'.viewIndivEvent','Event \"Mid term lunch\" has been updated. Click to view event.'),(2040,75,275,'.viewIndivEvent','Event \"Mid term lunch\" has been updated. Click to view event.'),(2041,12,275,'.viewIndivEvent','Event \"Mid term lunch\" has been updated. Click to view event.'),(2042,14,275,'.viewIndivEvent','Event \"Mid term lunch\" has been updated. Click to view event.'),(2044,47,275,'.viewIndivEvent','Event \"Mid term lunch\" has been updated. Click to view event.'),(2045,48,275,'.viewIndivEvent','Event \"Mid term lunch\" has been updated. Click to view event.'),(2046,17,275,'.viewIndivEvent','Event \"Mid term lunch\" has been updated. Click to view event.'),(2047,18,275,'.viewIndivEvent','Event \"Mid term lunch\" has been updated. Click to view event.'),(2048,50,275,'.viewIndivEvent','Event \"Mid term lunch\" has been updated. Click to view event.'),(2049,19,275,'.viewIndivEvent','Event \"Mid term lunch\" has been updated. Click to view event.'),(2050,21,275,'.viewIndivEvent','Event \"Mid term lunch\" has been updated. Click to view event.'),(2051,22,275,'.viewIndivEvent','Event \"Mid term lunch\" has been updated. Click to view event.'),(2060,68,NULL,'.viewUpcomingEvents','\"Netball Training\" events have been created. Click to view events.'),(2061,69,NULL,'.viewUpcomingEvents','\"Netball Training\" events have been created. Click to view events.'),(2062,11,NULL,'.viewUpcomingEvents','\"Netball Training\" events have been created. Click to view events.'),(2063,75,NULL,'.viewUpcomingEvents','\"Netball Training\" events have been created. Click to view events.'),(2064,12,NULL,'.viewUpcomingEvents','\"Netball Training\" events have been created. Click to view events.'),(2065,14,NULL,'.viewUpcomingEvents','\"Netball Training\" events have been created. Click to view events.'),(2066,47,NULL,'.viewUpcomingEvents','\"Netball Training\" events have been created. Click to view events.'),(2067,48,NULL,'.viewUpcomingEvents','\"Netball Training\" events have been created. Click to view events.'),(2068,17,NULL,'.viewUpcomingEvents','\"Netball Training\" events have been created. Click to view events.'),(2069,18,NULL,'.viewUpcomingEvents','\"Netball Training\" events have been created. Click to view events.'),(2070,50,NULL,'.viewUpcomingEvents','\"Netball Training\" events have been created. Click to view events.'),(2071,19,NULL,'.viewUpcomingEvents','\"Netball Training\" events have been created. Click to view events.'),(2072,21,NULL,'.viewUpcomingEvents','\"Netball Training\" events have been created. Click to view events.'),(2073,22,NULL,'.viewUpcomingEvents','\"Netball Training\" events have been created. Click to view events.'),(2113,1,270,'.viewIndivEvent','Marcus joined 11-Oct-2016 event \"Breakfast @ Alankar\". Click to view event.'),(2114,64,NULL,'.viewUpcomingEvents','\"Presentation\" events have been created. Click to view events.'),(2115,68,NULL,'.viewUpcomingEvents','\"Presentation\" events have been created. Click to view events.'),(2116,69,NULL,'.viewUpcomingEvents','\"Presentation\" events have been created. Click to view events.'),(2117,11,NULL,'.viewUpcomingEvents','\"Presentation\" events have been created. Click to view events.'),(2118,75,NULL,'.viewUpcomingEvents','\"Presentation\" events have been created. Click to view events.'),(2119,12,NULL,'.viewUpcomingEvents','\"Presentation\" events have been created. Click to view events.'),(2120,14,NULL,'.viewUpcomingEvents','\"Presentation\" events have been created. Click to view events.'),(2121,47,NULL,'.viewUpcomingEvents','\"Presentation\" events have been created. Click to view events.'),(2122,48,NULL,'.viewUpcomingEvents','\"Presentation\" events have been created. Click to view events.'),(2123,17,NULL,'.viewUpcomingEvents','\"Presentation\" events have been created. Click to view events.'),(2124,18,NULL,'.viewUpcomingEvents','\"Presentation\" events have been created. Click to view events.'),(2125,50,NULL,'.viewUpcomingEvents','\"Presentation\" events have been created. Click to view events.'),(2126,19,NULL,'.viewUpcomingEvents','\"Presentation\" events have been created. Click to view events.'),(2127,21,NULL,'.viewUpcomingEvents','\"Presentation\" events have been created. Click to view events.'),(2128,22,NULL,'.viewUpcomingEvents','\"Presentation\" events have been created. Click to view events.'),(2130,15,296,'.viewIndivEvent','Marcus left 07-Oct-2016 event \"Presentation\". Click to view event.'),(2131,64,296,'.viewIndivEvent','Event \"Presentation\" has been updated. Click to view event.'),(2132,68,296,'.viewIndivEvent','Event \"Presentation\" has been updated. Click to view event.'),(2133,69,296,'.viewIndivEvent','Event \"Presentation\" has been updated. Click to view event.'),(2134,11,296,'.viewIndivEvent','Event \"Presentation\" has been updated. Click to view event.'),(2135,75,296,'.viewIndivEvent','Event \"Presentation\" has been updated. Click to view event.'),(2136,12,296,'.viewIndivEvent','Event \"Presentation\" has been updated. Click to view event.'),(2137,14,296,'.viewIndivEvent','Event \"Presentation\" has been updated. Click to view event.'),(2138,15,296,'.viewIndivEvent','Event \"Presentation\" has been updated. Click to view event.'),(2139,47,296,'.viewIndivEvent','Event \"Presentation\" has been updated. Click to view event.'),(2140,48,296,'.viewIndivEvent','Event \"Presentation\" has been updated. Click to view event.'),(2141,17,296,'.viewIndivEvent','Event \"Presentation\" has been updated. Click to view event.'),(2142,18,296,'.viewIndivEvent','Event \"Presentation\" has been updated. Click to view event.'),(2143,50,296,'.viewIndivEvent','Event \"Presentation\" has been updated. Click to view event.'),(2144,19,296,'.viewIndivEvent','Event \"Presentation\" has been updated. Click to view event.'),(2145,21,296,'.viewIndivEvent','Event \"Presentation\" has been updated. Click to view event.'),(2146,22,296,'.viewIndivEvent','Event \"Presentation\" has been updated. Click to view event.');
/*!40000 ALTER TABLE `APP_NOTIFICATION` ENABLE KEYS */;

--
-- Table structure for table `AUDITLOG`
--

DROP TABLE IF EXISTS `AUDITLOG`;
/*!40101 SET @saved_cs_client     = @@character_set_client */;
/*!40101 SET character_set_client = utf8 */;
CREATE TABLE `AUDITLOG` (
  `AUDITLOG_ID` int(11) NOT NULL AUTO_INCREMENT,
  `USERNAME` varchar(50) NOT NULL,
  `DATE` datetime NOT NULL,
  `OPERATION` varchar(1000) DEFAULT NULL,
  PRIMARY KEY (`AUDITLOG_ID`)
) ENGINE=InnoDB AUTO_INCREMENT=3925 DEFAULT CHARSET=utf8;
/*!40101 SET character_set_client = @saved_cs_client */;

--
-- Dumping data for table `AUDITLOG`
--

/*!40000 ALTER TABLE `AUDITLOG` DISABLE KEYS */;
INSERT INTO `AUDITLOG` VALUES (101,'admin1','2016-09-14 17:24:51','LOGIN - Login into system'),(102,'admin1','2016-09-14 17:26:35','LOGIN - Login into system'),(103,'admin1','2016-09-14 17:27:04','LOGIN - Login into system'),(104,'admin1','2016-09-14 17:27:48','CONTACT - Created contact: Contact ID: 11 | Name: Huxley'),(105,'admin1','2016-09-14 17:27:49','LOGIN - Login into system'),(106,'admin1','2016-09-14 17:28:14','ADD EMAIL - Add email under contact: Contact ID: 11'),(107,'admin1','2016-09-14 17:28:36','ADD TEAM JOIN - Add team join under contact: Contact ID: 11'),(108,'admin1','2016-09-14 17:28:57','CONTACT - Created contact: Contact ID: 12 | Name: Marcus Ong'),(109,'admin1','2016-09-14 17:29:10','ADD EMAIL - Add email under contact: Contact ID: 12'),(110,'admin1','2016-09-14 17:29:16','ADD PHONE - Add phone held under contact: Contact ID: 12'),(111,'admin1','2016-09-14 17:29:30','ADD TEAM JOIN - Add team join under contact: Contact ID: 12'),(112,'admin1','2016-09-14 17:29:44','ADD TEAM JOIN - Add team join under contact: Contact ID: 12'),(113,'admin1','2016-09-14 17:29:47','CONTACT - Created contact: Contact ID: 13 | Name: Darryl Mok'),(114,'admin1','2016-09-14 17:29:53','LOGIN - Login into system'),(115,'admin1','2016-09-14 17:30:02','ADD EMAIL - Add email under contact: Contact ID: 13'),(116,'admin1','2016-09-14 17:30:12','ADD TEAM JOIN - Add team join under contact: Contact ID: 12'),(117,'admin1','2016-09-14 17:30:18','ADD TEAM JOIN - Add team join under contact: Contact ID: 13'),(118,'admin1','2016-09-14 17:30:18','ADD TEAM JOIN - Add team join under contact: Contact ID: 13'),(119,'admin1','2016-09-14 17:30:33','CONTACT - Created contact: Contact ID: 14 | Name: Nguyen Phuong Thao'),(120,'admin1','2016-09-14 17:30:42','UPDATE CONTACT - Update Contact under contact: Contact ID: 11'),(121,'admin1','2016-09-14 17:30:44','ADD PHONE - Add phone held under contact: Contact ID: 14'),(122,'admin1','2016-09-14 17:30:54','ADD TEAM JOIN - Add team join under contact: Contact ID: 14'),(123,'admin1','2016-09-14 17:31:01','UPDATE CONTACT - Update Contact under contact: Contact ID: 13'),(124,'admin1','2016-09-14 17:31:24','ADD EMAIL - Add email under contact: Contact ID: 14'),(125,'admin1','2016-09-14 17:31:38','UPDATE CONTACT - Update Contact under contact: Contact ID: 12'),(126,'admin1','2016-09-14 17:31:40','UPDATE TEAM JOIN - Update team join under contact: Contact ID: 11'),(127,'huxleygoh','2016-09-14 17:31:50','LOGIN - Login into system'),(128,'marcus1','2016-09-14 17:31:53','LOGIN - Login into system'),(129,'huxleygoh','2016-09-14 17:32:07','UPDATE CONTACT - Update Contact under contact: Contact ID: 11'),(130,'admin1','2016-09-14 17:32:25','LOGIN - Login into system'),(131,'huxleygoh','2016-09-14 17:32:53','LOGIN - Login into system'),(132,'admin1','2016-09-14 17:33:04','UPDATE CONTACT - Update Contact under contact: Contact ID: 14'),(133,'huxleygoh','2016-09-14 17:33:09','ADD PHONE - Add phone held under contact: Contact ID: 11'),(134,'admin1','2016-09-14 17:33:15','UPDATE TEAM JOIN - Update team join under contact: Contact ID: 14'),(135,'admin1','2016-09-14 17:33:18','ADD EVENT - Add event under contact: Contact ID: 1 | Event ID: 3'),(136,'huxleygoh','2016-09-14 17:33:20','ADD ADDRESS - Add address under contact: Contact ID: 11'),(137,'admin1','2016-09-14 17:33:27','ADD EVENT ROLES - Add event roles under contact: Contact ID: 1 | Event ID: 3'),(138,'admin1','2016-09-14 17:33:30','ADD TEAM AFFILIATION IN EVENT - Add Team Affiliation in event under contact: Contact ID: 1 | Event ID: 3'),(139,'admin1','2016-09-14 17:33:44','UPDATE EVENT - Update event under contact: Contact ID: 1 | Event ID: 3'),(140,'marcus1','2016-09-14 17:34:03','JOIN EVENT - Join event under contact: Contact ID: 12 | Event ID: 3 | Event role ID: 4'),(141,'huxleygoh','2016-09-14 17:34:31','ADD PROFILE PICTURE - Add PROFILE PICTURE under contact: Contact ID: 11'),(142,'marcus1','2016-09-14 17:34:52','UPDATE CONTACT - Update Contact under contact: Contact ID: 12'),(143,'thaonguyen','2016-09-14 17:35:03','LOGIN - Login into system'),(144,'darryl1','2016-09-14 17:35:11','LOGIN - Login into system'),(145,'admin1','2016-09-14 17:35:17','LOGIN - Login into system'),(146,'marcus1','2016-09-14 17:35:21','LOGIN - Login into system'),(147,'darryl1','2016-09-14 17:35:35','UPDATE CONTACT - Update Contact under contact: Contact ID: 13'),(148,'thaonguyen','2016-09-14 17:35:37','UPDATE CONTACT - Update Contact under contact: Contact ID: 14'),(149,'marcus1','2016-09-14 17:35:39','UPDATE CONTACT - Update Contact under contact: Contact ID: 12'),(150,'thaonguyen','2016-09-14 17:35:48','LOGIN - Login into system'),(151,'admin1','2016-09-14 17:35:49','LOGIN - Login into system'),(152,'admin1','2016-09-14 17:36:13','CONTACT - Created contact: Contact ID: 15 | Name: Tan Si Hao'),(153,'admin1','2016-09-14 17:36:31','ADD EVENT - Add event under contact: Contact ID: 1 | Event ID: 4'),(154,'thaonguyen','2016-09-14 17:36:35','ADD ADDRESS - Add address under contact: Contact ID: 14'),(155,'admin1','2016-09-14 17:37:10','ADD EVENT ROLES - Add event roles under contact: Contact ID: 1 | Event ID: 4'),(156,'admin1','2016-09-14 17:37:17','ADD TEAM AFFILIATION IN EVENT - Add Team Affiliation in event under contact: Contact ID: 1 | Event ID: 4'),(157,'admin1','2016-09-14 17:37:18','ADD PHONE - Add phone held under contact: Contact ID: 15'),(158,'admin1','2016-09-14 17:37:28','LOGIN - Login into system'),(159,'admin1','2016-09-14 17:37:30','ADD EMAIL - Add email under contact: Contact ID: 15'),(160,'thaonguyen','2016-09-14 17:37:31','ADD TRAINING - Add training under contact: Contact ID: 14'),(161,'admin1','2016-09-14 17:38:03','ADD ADDRESS - Add address under contact: Contact ID: 15'),(162,'admin1','2016-09-14 17:38:08','ADD TEAM JOIN - Add team join under contact: Contact ID: 15'),(163,'admin1','2016-09-14 17:38:21','ADD LANGUAGE - Add language under contact: Contact ID: 15'),(164,'admin1','2016-09-14 17:38:35','ADD TRAINING - Add training under contact: Contact ID: 1'),(165,'admin1','2016-09-14 17:38:49','ADD SKILL - Add skill under contact: Contact ID: 15'),(166,'admin1','2016-09-14 17:38:50','ADD EVENT - Add event under contact: Contact ID: 1 | Event ID: 5'),(167,'admin1','2016-09-14 17:39:05','ADD EVENT ROLES - Add event roles under contact: Contact ID: 1 | Event ID: 5'),(168,'admin1','2016-09-14 17:39:13','ADD TEAM AFFILIATION IN EVENT - Add Team Affiliation in event under contact: Contact ID: 1 | Event ID: 5'),(169,'thaonguyen','2016-09-14 17:40:05','ADD TRAINING - Add training under contact: Contact ID: 14'),(170,'admin1','2016-09-14 17:40:08','UPDATE TEAM JOIN - Update team join under contact: Contact ID: 15'),(171,'thaonguyen','2016-09-14 17:40:12','DELETE TRAINING - Delete training under training: Training ID: 1'),(172,'thaonguyen','2016-09-14 17:40:23','DELETE TRAINING - Delete training under training: Training ID: 3'),(173,'thaonguyen','2016-09-14 17:40:39','ADD TRAINING - Add training under contact: Contact ID: 14'),(174,'admin1','2016-09-14 17:42:01','AUDIT LOG - Access into audit log'),(175,'huxleygoh','2016-09-14 17:43:05','JOIN EVENT - Join event under contact: Contact ID: 11 | Event ID: 4 | Event role ID: 5'),(176,'darryl1','2016-09-14 17:43:08','LOGIN - Login into system'),(177,'admin1','2016-09-14 17:43:16','UPDATE CONTACT - Update Contact under contact: Contact ID: 15'),(178,'huxleygoh','2016-09-14 17:43:33','JOIN EVENT - Join event under contact: Contact ID: 11 | Event ID: 3 | Event role ID: 3'),(179,'admin1','2016-09-14 17:43:37','LEAVE EVENT ROLES - Leave event roles under contact: Contact ID: 12 | Event Role ID: 4'),(180,'marcus1','2016-09-14 17:43:55','LOGIN - Login into system'),(181,'marcus1','2016-09-14 17:44:33','JOIN EVENT - Join event under contact: Contact ID: 12 | Event ID: 3 | Event role ID: 4'),(182,'admin1','2016-09-14 17:44:47','LOGIN - Login into system'),(183,'thaonguyen','2016-09-14 17:44:47','DELETE TRAINING - Delete training under training: Training ID: 4'),(184,'admin1','2016-09-14 17:45:13','UPDATE TEAM JOIN - Update team join under contact: Contact ID: 13'),(185,'darryl1','2016-09-14 17:45:38','JOIN EVENT - Join event under contact: Contact ID: 13 | Event ID: 3 | Event role ID: 4'),(186,'darryl1','2016-09-14 17:45:54','JOIN EVENT - Join event under contact: Contact ID: 13 | Event ID: 4 | Event role ID: 5'),(187,'admin1','2016-09-14 17:45:56','LEAVE EVENT ROLES - Leave event roles under contact: Contact ID: 11 | Event Role ID: 3'),(188,'darryl1','2016-09-14 17:46:16','LOGIN - Login into system'),(189,'TanSiHao','2016-09-14 17:47:33','LOGIN - Login into system'),(190,'huxleygoh','2016-09-14 17:47:36','ADD TRAINING - Add training under contact: Contact ID: 11'),(191,'admin1','2016-09-14 17:47:40','UPDATE TEAM AFFILIATION IN EVENT - Update Team Affiliation in event under contact: Contact ID: 1 | Event ID: 4'),(192,'admin1','2016-09-14 17:47:40','UPDATE EVENT - Update event under contact: Contact ID: 1 | Event ID: 4'),(193,'TanSiHao','2016-09-14 17:47:50','UPDATE CONTACT - Update Contact under contact: Contact ID: 15'),(194,'huxleygoh','2016-09-14 17:48:52','JOIN EVENT - Join event under contact: Contact ID: 11 | Event ID: 3 | Event role ID: 3'),(195,'thaonguyen','2016-09-14 17:49:03','JOIN EVENT - Join event under contact: Contact ID: 14 | Event ID: 4 | Event role ID: 6'),(196,'admin1','2016-09-14 17:57:27','LOGIN - Login into system'),(197,'admin1','2016-09-14 17:57:48','DELETE TRAINING - Delete training under training: Training ID: 2'),(198,'admin1','2016-09-14 17:57:57','ADD TRAINING - Add training under contact: Contact ID: 1'),(199,'admin1','2016-09-14 18:01:18','LOGIN - Login into system'),(200,'tansihao','2016-09-14 18:01:26','LOGIN - Login into system'),(201,'admin1','2016-09-14 18:01:31','LOGIN - Login into system'),(202,'admin1','2016-09-14 18:01:37','ADD TRAINING - Add training under contact: Contact ID: 15'),(203,'admin1','2016-09-14 18:01:58','ADD TRAINING - Add training under contact: Contact ID: 14'),(204,'admin1','2016-09-14 19:03:32','LOGIN - Login into system'),(205,'admin1','2016-09-14 19:03:57','ADD TRAINING - Add training under contact: Contact ID: 12'),(206,'admin1','2016-09-14 19:05:22','LOGIN - Login into system'),(207,'admin1','2016-09-14 19:05:42','DELETE TRAINING - Delete training under training: Training ID: 5'),(208,'admin1','2016-09-14 19:05:49','DELETE TEAM JOIN - Delete team join under contact: Contact ID: 11'),(209,'admin1','2016-09-14 19:05:57','ADD TRAINING - Add training under contact: Contact ID: 11'),(210,'admin1','2016-09-14 19:06:20','DELETE TRAINING - Delete training under training: Training ID: 7'),(211,'admin1','2016-09-14 19:06:32','ADD TRAINING - Add training under contact: Contact ID: 15'),(212,'admin1','2016-09-14 19:06:46','DELETE TRAINING - Delete training under training: Training ID: 11'),(213,'admin1','2016-09-14 19:07:03','ADD TRAINING - Add training under contact: Contact ID: 15'),(214,'admin1','2016-09-14 19:09:55','CONTACT - Created contact: Contact ID: 16 | Name: Gabriel Tan'),(215,'admin1','2016-09-14 19:10:16','ADD TRAINING - Add training under contact: Contact ID: 16'),(216,'admin1','2016-09-14 19:11:08','LOGIN - Login into system'),(217,'admin1','2016-09-14 19:11:44','LOGIN - Login into system'),(218,'admin1','2016-09-14 19:11:44','LOGIN - Login into system'),(219,'admin1','2016-09-14 19:11:53','LOGIN - Login into system'),(220,'admin1','2016-09-14 19:12:34','CONTACT - Created contact: Contact ID: 17 | Name: Debbie'),(221,'admin1','2016-09-14 19:12:35','LOGIN - Login into system'),(222,'admin1','2016-09-14 19:12:49','CONTACT - Created contact: Contact ID: 18 | Name: Bill Wang'),(223,'admin1','2016-09-14 19:12:54','ADD PHONE - Add phone held under contact: Contact ID: 17'),(224,'admin1','2016-09-14 19:12:59','ADD PHONE - Add phone held under contact: Contact ID: 18'),(225,'admin1','2016-09-14 19:13:01','LOGIN - Login into system'),(226,'admin1','2016-09-14 19:13:07','ADD EMAIL - Add email under contact: Contact ID: 18'),(227,'admin1','2016-09-14 19:13:08','ADD EMAIL - Add email under contact: Contact ID: 17'),(228,'admin1','2016-09-14 19:13:18','ADD TEAM JOIN - Add team join under contact: Contact ID: 18'),(229,'admin1','2016-09-14 19:13:18','ADD TEAM JOIN - Add team join under contact: Contact ID: 18'),(230,'admin1','2016-09-14 19:13:25','CONTACT - Created contact: Contact ID: 19 | Name: Minyi'),(231,'admin1','2016-09-14 19:13:41','ADD EMAIL - Add email under contact: Contact ID: 19'),(232,'admin1','2016-09-14 19:13:48','ADD TEAM JOIN - Add team join under contact: Contact ID: 17'),(233,'admin1','2016-09-14 19:13:55','ADD TEAM JOIN - Add team join under contact: Contact ID: 19'),(234,'admin1','2016-09-14 19:14:04','DELETE TEAM JOIN - Delete team join under contact: Contact ID: 18'),(235,'admin1','2016-09-14 19:14:20','LOGIN - Login into system'),(236,'admin1','2016-09-14 19:14:30','CONTACT - Created contact: Contact ID: 20 | Name: Leong Yew'),(237,'admin1','2016-09-14 19:14:42','ADD EMAIL - Add email under contact: Contact ID: 20'),(238,'admin1','2016-09-14 19:15:03','DELETE PHONE - Delete phone under contact: Contact ID: 12'),(239,'admin1','2016-09-14 19:15:06','UPDATE CONTACT - Update Contact under contact: Contact ID: 17'),(240,'admin1','2016-09-14 19:15:10','DELETE EMAIL - Delete email under Contact: Contact ID: 12'),(241,'admin1','2016-09-14 19:15:17','CONTACT - Created contact: Contact ID: 21 | Name: Leong Yew'),(242,'admin1','2016-09-14 19:15:21','DELETE TEAM JOIN - Delete team join under contact: Contact ID: 12'),(243,'admin1','2016-09-14 19:15:27','DELETE TEAM JOIN - Delete team join under contact: Contact ID: 12'),(244,'admin1','2016-09-14 19:15:29','UPDATE CONTACT - Update Contact under contact: Contact ID: 19'),(245,'admin1','2016-09-14 19:15:33','DELETE TEAM JOIN - Delete team join under contact: Contact ID: 12'),(246,'admin1','2016-09-14 19:15:37','ADD EMAIL - Add email under contact: Contact ID: 21'),(247,'admin1','2016-09-14 19:15:42','DELETE TRAINING - Delete training under training: Training ID: 9'),(248,'Admin1','2016-09-14 19:16:14','LOGIN - Login into system'),(249,'admin1','2016-09-14 19:16:22','ADD TEAM JOIN - Add team join under contact: Contact ID: 21'),(250,'Debbie1','2016-09-14 19:16:24','LOGIN - Login into system'),(251,'Admin1','2016-09-14 19:16:39','CONTACT - Created contact: Contact ID: 22 | Name: Miguel Pina'),(252,'Admin1','2016-09-14 19:16:46','ADD EMAIL - Add email under contact: Contact ID: 22'),(253,'Admin1','2016-09-14 19:16:54','ADD TEAM JOIN - Add team join under contact: Contact ID: 22'),(254,'admin1','2016-09-14 19:17:03','UPDATE CONTACT - Update Contact under contact: Contact ID: 18'),(255,'Bill1','2016-09-14 19:17:24','LOGIN - Login into system'),(256,'minyi1','2016-09-14 19:17:51','LOGIN - Login into system'),(257,'admin1','2016-09-14 19:18:32','UPDATE CONTACT - Update Contact under contact: Contact ID: 21'),(258,'leong1','2016-09-14 19:19:37','LOGIN - Login into system'),(259,'admin1','2016-09-14 19:19:55','UPDATE CONTACT - Update Contact under contact: Contact ID: 22'),(260,'Miguel1','2016-09-14 19:20:17','LOGIN - Login into system'),(261,'tansihao','2016-09-14 19:20:27','LOGIN - Login into system'),(262,'minyi1','2016-09-14 19:21:18','UPDATE CONTACT - Update Contact under contact: Contact ID: 19'),(263,'admin1','2016-09-14 19:21:32','UPDATE TEAM JOIN - Update team join under contact: Contact ID: 22'),(264,'Bill1','2016-09-14 19:21:38','UPDATE CONTACT - Update Contact under contact: Contact ID: 18'),(265,'minyi1','2016-09-14 19:21:39','LOGIN - Login into system'),(266,'bill1','2016-09-14 19:21:54','LOGIN - Login into system'),(267,'admin1','2016-09-14 19:21:57','AUDIT LOG - Access into audit log'),(268,'admin1','2016-09-14 19:22:23','LOGIN - Login into system'),(269,'admin1','2016-09-14 19:22:24','UPDATE TEAM JOIN - Update team join under contact: Contact ID: 21'),(270,'admin1','2016-09-14 19:22:36','UPDATE CONTACT - Update Contact under contact: Contact ID: 21'),(271,'admin1','2016-09-14 19:22:51','ADD PHONE - Add phone held under contact: Contact ID: 12'),(272,'admin1','2016-09-14 19:23:02','UPDATE TEAM JOIN - Update team join under contact: Contact ID: 19'),(273,'admin1','2016-09-14 19:23:14','ADD ADDRESS - Add address under contact: Contact ID: 12'),(274,'admin1','2016-09-14 19:23:20','UPDATE TEAM JOIN - Update team join under contact: Contact ID: 17'),(275,'Miguel1','2016-09-14 19:23:21','UPDATE CONTACT - Update Contact under contact: Contact ID: 22'),(276,'Debbie1','2016-09-14 19:23:31','UPDATE CONTACT - Update Contact under contact: Contact ID: 17'),(277,'minyi1','2016-09-14 19:23:34','LOGIN - Login into system'),(278,'admin1','2016-09-14 19:23:35','ADD TEAM JOIN - Add team join under contact: Contact ID: 12'),(279,'admin1','2016-09-14 19:23:45','ADD TEAM JOIN - Add team join under contact: Contact ID: 12'),(280,'admin1','2016-09-14 19:23:48','UPDATE TEAM JOIN - Update team join under contact: Contact ID: 18'),(281,'leong1','2016-09-14 19:23:54','UPDATE CONTACT - Update Contact under contact: Contact ID: 21'),(282,'leong1','2016-09-14 19:24:18','LOGIN - Login into system'),(283,'Miguel1','2016-09-14 19:24:19','LOGIN - Login into system'),(284,'minyi1','2016-09-14 19:24:37','ADD PROFILE PICTURE - Add PROFILE PICTURE under contact: Contact ID: 19'),(285,'admin1','2016-09-14 19:24:40','ADD TRAINING - Add training under contact: Contact ID: 12'),(286,'Debbie1','2016-09-14 19:24:52','LOGIN - Login into system'),(287,'minyi1','2016-09-14 19:24:53','ADD PHONE - Add phone held under contact: Contact ID: 19'),(288,'admin1','2016-09-14 19:24:56','UPDATE CONTACT - Update contact under contact: Contact ID: 18'),(289,'admin1','2016-09-14 19:25:14','LOGIN - Login into system'),(290,'minyi1','2016-09-14 19:25:19','ADD ADDRESS - Add address under contact: Contact ID: 19'),(291,'bill1','2016-09-14 19:25:33','LOGIN - Login into system'),(292,'leong1','2016-09-14 19:26:05','ADD PROFILE PICTURE - Add PROFILE PICTURE under contact: Contact ID: 21'),(293,'Miguel1','2016-09-14 19:26:21','ADD PROFILE PICTURE - Add PROFILE PICTURE under contact: Contact ID: 22'),(294,'Miguel1','2016-09-14 19:26:51','UPDATE CONTACT - Update contact under contact: Contact ID: 22'),(295,'bill1','2016-09-14 19:26:53','ADD PROFILE PICTURE - Add PROFILE PICTURE under contact: Contact ID: 18'),(296,'Debbie1','2016-09-14 19:26:53','ADD PROFILE PICTURE - Add PROFILE PICTURE under contact: Contact ID: 17'),(297,'marcus1','2016-09-14 19:27:05','LOGIN - Login into system'),(298,'Miguel1','2016-09-14 19:27:07','ADD PHONE - Add phone held under contact: Contact ID: 22'),(299,'Miguel1','2016-09-14 19:27:26','ADD LANGUAGE - Add language under contact: Contact ID: 22'),(300,'marcus1','2016-09-14 19:27:29','ADD PROFILE PICTURE - Add PROFILE PICTURE under contact: Contact ID: 12'),(301,'Miguel1','2016-09-14 19:27:58','ADD SKILL - Add skill under contact: Contact ID: 22'),(302,'marcus1','2016-09-14 19:28:36','ADD PROFILE PICTURE - Add PROFILE PICTURE under contact: Contact ID: 12'),(303,'marcus1','2016-09-14 19:28:47','ADD PROFILE PICTURE - Add PROFILE PICTURE under contact: Contact ID: 12'),(304,'Debbie1','2016-09-14 19:29:13','ADD ADDRESS - Add address under contact: Contact ID: 17'),(305,'leong1','2016-09-14 19:29:27','UPDATE CONTACT - Update contact under contact: Contact ID: 21'),(306,'Miguel1','2016-09-14 19:30:02','ADD ADDRESS - Add address under contact: Contact ID: 22'),(307,'leong1','2016-09-14 19:30:21','ADD PHONE - Add phone held under contact: Contact ID: 21'),(308,'leong1','2016-09-14 19:30:45','ADD PHONE - Add phone held under contact: Contact ID: 21'),(309,'leong1','2016-09-14 19:31:50','ADD ADDRESS - Add address under contact: Contact ID: 21'),(310,'admin1','2016-09-14 19:31:52','LOGIN - Login into system'),(311,'leong1','2016-09-14 19:32:30','DELETE CONTACT - Delete contact under contact: Contact ID: 20'),(312,'leong1','2016-09-14 19:32:54','DELETE RPOFILE PICTURE - DELETE PROFILE PICTURE under contact: Contact ID: 22'),(313,'Miguel1','2016-09-14 19:33:22','ADD LANGUAGE - Add language under contact: Contact ID: 18'),(314,'Debbie1','2016-09-14 19:33:27','ADD LANGUAGE - Add language under contact: Contact ID: 19'),(315,'Debbie1','2016-09-14 19:34:17','ADD LANGUAGE - Add language under contact: Contact ID: 19'),(316,'admin1','2016-09-14 19:35:53','DELETE RPOFILE PICTURE - DELETE PROFILE PICTURE under contact: Contact ID: 18'),(317,'Miguel1','2016-09-14 19:35:59','ADD PROFILE PICTURE - Add PROFILE PICTURE under contact: Contact ID: 22'),(318,'leong1','2016-09-14 19:36:22','UPDATE CONTACT - Update contact under contact: Contact ID: 22'),(319,'Miguel1','2016-09-14 19:37:43','UPDATE CONTACT - Update contact under contact: Contact ID: 22'),(320,'bill1','2016-09-14 19:37:59','ADD PROFILE PICTURE - Add PROFILE PICTURE under contact: Contact ID: 18'),(321,'admin1','2016-09-14 19:38:19','DELETE RPOFILE PICTURE - DELETE PROFILE PICTURE under contact: Contact ID: 18'),(322,'bill1','2016-09-14 19:38:38','ADD PROFILE PICTURE - Add PROFILE PICTURE under contact: Contact ID: 18'),(323,'Debbie1','2016-09-14 19:40:32','ADD DONATION - Add donation under contact: Contact ID: 15'),(324,'Debbie1','2016-09-14 19:41:26','ADD DONATION - Add donation under contact: Contact ID: 15'),(325,'admin1','2016-09-14 19:43:03','LOGIN - Login into system'),(326,'admin1','2016-09-14 19:45:09','UPDATE TEAM JOIN - Update team join under contact: Contact ID: 18'),(327,'bill1','2016-09-14 19:45:15','LOGIN - Login into system'),(328,'Miguel1','2016-09-14 19:45:22','ADD EVENT - Add event under contact: Contact ID: 22 | Event ID: 6'),(329,'Miguel1','2016-09-14 19:45:46','ADD EVENT ROLES - Add event roles under contact: Contact ID: 22 | Event ID: 6'),(330,'Miguel1','2016-09-14 19:45:46','ADD EVENT ROLES - Add event roles under contact: Contact ID: 22 | Event ID: 7'),(331,'Miguel1','2016-09-14 19:46:07','ADD TEAM AFFILIATION IN EVENT - Add Team Affiliation in event under contact: Contact ID: 22 | Event ID: 6'),(332,'Miguel1','2016-09-14 19:46:07','ADD TEAM AFFILIATION IN EVENT - Add Team Affiliation in event under contact: Contact ID: 22 | Event ID: 7'),(333,'bill1','2016-09-14 19:46:21','ADD EVENT - Add event under contact: Contact ID: 18 | Event ID: 8'),(334,'bill1','2016-09-14 19:46:34','ADD EVENT ROLES - Add event roles under contact: Contact ID: 18 | Event ID: 8'),(335,'bill1','2016-09-14 19:47:33','ADD EVENT - Add event under contact: Contact ID: 18 | Event ID: 9'),(336,'bill1','2016-09-14 19:47:43','ADD EVENT ROLES - Add event roles under contact: Contact ID: 18 | Event ID: 9'),(337,'bill1','2016-09-14 19:47:46','ADD TEAM AFFILIATION IN EVENT - Add Team Affiliation in event under contact: Contact ID: 18 | Event ID: 9'),(338,'Debbie1','2016-09-14 19:48:33','ADD EVENT - Add event under contact: Contact ID: 17 | Event ID: 10'),(339,'admin1','2016-09-14 19:48:43','AUDIT LOG - Access into audit log'),(340,'Debbie1','2016-09-14 19:49:17','ADD EVENT ROLES - Add event roles under contact: Contact ID: 17 | Event ID: 10'),(341,'Debbie1','2016-09-14 19:49:17','ADD EVENT ROLES - Add event roles under contact: Contact ID: 17 | Event ID: 11'),(342,'Debbie1','2016-09-14 19:49:17','ADD EVENT ROLES - Add event roles under contact: Contact ID: 17 | Event ID: 12'),(343,'Debbie1','2016-09-14 19:49:17','ADD EVENT ROLES - Add event roles under contact: Contact ID: 17 | Event ID: 13'),(344,'Debbie1','2016-09-14 19:49:17','ADD EVENT ROLES - Add event roles under contact: Contact ID: 17 | Event ID: 14'),(345,'Debbie1','2016-09-14 19:49:17','ADD EVENT ROLES - Add event roles under contact: Contact ID: 17 | Event ID: 15'),(346,'Debbie1','2016-09-14 19:49:17','ADD EVENT ROLES - Add event roles under contact: Contact ID: 17 | Event ID: 16'),(347,'Debbie1','2016-09-14 19:49:17','ADD EVENT ROLES - Add event roles under contact: Contact ID: 17 | Event ID: 17'),(348,'Debbie1','2016-09-14 19:49:17','ADD EVENT ROLES - Add event roles under contact: Contact ID: 17 | Event ID: 18'),(349,'Debbie1','2016-09-14 19:49:17','ADD EVENT ROLES - Add event roles under contact: Contact ID: 17 | Event ID: 19'),(350,'Debbie1','2016-09-14 19:49:17','ADD EVENT ROLES - Add event roles under contact: Contact ID: 17 | Event ID: 20'),(351,'Debbie1','2016-09-14 19:49:17','ADD EVENT ROLES - Add event roles under contact: Contact ID: 17 | Event ID: 21'),(352,'Debbie1','2016-09-14 19:49:17','ADD EVENT ROLES - Add event roles under contact: Contact ID: 17 | Event ID: 22'),(353,'Debbie1','2016-09-14 19:49:17','ADD EVENT ROLES - Add event roles under contact: Contact ID: 17 | Event ID: 23'),(354,'Debbie1','2016-09-14 19:49:17','ADD EVENT ROLES - Add event roles under contact: Contact ID: 17 | Event ID: 24'),(355,'Debbie1','2016-09-14 19:49:17','ADD EVENT ROLES - Add event roles under contact: Contact ID: 17 | Event ID: 25'),(356,'Debbie1','2016-09-14 19:49:17','ADD EVENT ROLES - Add event roles under contact: Contact ID: 17 | Event ID: 26'),(357,'Debbie1','2016-09-14 19:49:17','ADD EVENT ROLES - Add event roles under contact: Contact ID: 17 | Event ID: 27'),(358,'Debbie1','2016-09-14 19:49:17','ADD EVENT ROLES - Add event roles under contact: Contact ID: 17 | Event ID: 28'),(359,'Debbie1','2016-09-14 19:49:18','ADD EVENT ROLES - Add event roles under contact: Contact ID: 17 | Event ID: 29'),(360,'leong1','2016-09-14 19:49:39','ADD EVENT - Add event under contact: Contact ID: 21 | Event ID: 30'),(361,'tansihao','2016-09-14 19:49:45','LOGIN - Login into system'),(362,'Debbie1','2016-09-14 19:50:09','ADD TEAM AFFILIATION IN EVENT - Add Team Affiliation in event under contact: Contact ID: 17 | Event ID: 10'),(363,'Debbie1','2016-09-14 19:50:09','ADD TEAM AFFILIATION IN EVENT - Add Team Affiliation in event under contact: Contact ID: 17 | Event ID: 11'),(364,'Debbie1','2016-09-14 19:50:09','ADD TEAM AFFILIATION IN EVENT - Add Team Affiliation in event under contact: Contact ID: 17 | Event ID: 12'),(365,'Debbie1','2016-09-14 19:50:09','ADD TEAM AFFILIATION IN EVENT - Add Team Affiliation in event under contact: Contact ID: 17 | Event ID: 13'),(366,'Debbie1','2016-09-14 19:50:09','ADD TEAM AFFILIATION IN EVENT - Add Team Affiliation in event under contact: Contact ID: 17 | Event ID: 14'),(367,'Debbie1','2016-09-14 19:50:09','ADD TEAM AFFILIATION IN EVENT - Add Team Affiliation in event under contact: Contact ID: 17 | Event ID: 15'),(368,'Debbie1','2016-09-14 19:50:09','ADD TEAM AFFILIATION IN EVENT - Add Team Affiliation in event under contact: Contact ID: 17 | Event ID: 16'),(369,'Debbie1','2016-09-14 19:50:09','ADD TEAM AFFILIATION IN EVENT - Add Team Affiliation in event under contact: Contact ID: 17 | Event ID: 17'),(370,'Debbie1','2016-09-14 19:50:09','ADD TEAM AFFILIATION IN EVENT - Add Team Affiliation in event under contact: Contact ID: 17 | Event ID: 18'),(371,'Debbie1','2016-09-14 19:50:09','ADD TEAM AFFILIATION IN EVENT - Add Team Affiliation in event under contact: Contact ID: 17 | Event ID: 19'),(372,'Debbie1','2016-09-14 19:50:09','ADD TEAM AFFILIATION IN EVENT - Add Team Affiliation in event under contact: Contact ID: 17 | Event ID: 20'),(373,'Debbie1','2016-09-14 19:50:09','ADD TEAM AFFILIATION IN EVENT - Add Team Affiliation in event under contact: Contact ID: 17 | Event ID: 21'),(374,'Debbie1','2016-09-14 19:50:09','ADD TEAM AFFILIATION IN EVENT - Add Team Affiliation in event under contact: Contact ID: 17 | Event ID: 22'),(375,'Debbie1','2016-09-14 19:50:09','ADD TEAM AFFILIATION IN EVENT - Add Team Affiliation in event under contact: Contact ID: 17 | Event ID: 23'),(376,'Debbie1','2016-09-14 19:50:09','ADD TEAM AFFILIATION IN EVENT - Add Team Affiliation in event under contact: Contact ID: 17 | Event ID: 24'),(377,'Debbie1','2016-09-14 19:50:09','ADD TEAM AFFILIATION IN EVENT - Add Team Affiliation in event under contact: Contact ID: 17 | Event ID: 25'),(378,'Debbie1','2016-09-14 19:50:09','ADD TEAM AFFILIATION IN EVENT - Add Team Affiliation in event under contact: Contact ID: 17 | Event ID: 26'),(379,'Debbie1','2016-09-14 19:50:09','ADD TEAM AFFILIATION IN EVENT - Add Team Affiliation in event under contact: Contact ID: 17 | Event ID: 27'),(380,'Debbie1','2016-09-14 19:50:09','ADD TEAM AFFILIATION IN EVENT - Add Team Affiliation in event under contact: Contact ID: 17 | Event ID: 28'),(381,'Debbie1','2016-09-14 19:50:09','ADD TEAM AFFILIATION IN EVENT - Add Team Affiliation in event under contact: Contact ID: 17 | Event ID: 29'),(382,'admin1','2016-09-14 19:50:38','LOGIN - Login into system'),(383,'bill1','2016-09-14 19:50:50','LOGIN - Login into system'),(384,'Miguel1','2016-09-14 19:51:03','ADD EVENT - Add event under contact: Contact ID: 22 | Event ID: 35'),(385,'marcus1','2016-09-14 19:51:07','LOGIN - Login into system'),(386,'Miguel1','2016-09-14 19:51:11','ADD EVENT ROLES - Add event roles under contact: Contact ID: 22 | Event ID: 35'),(387,'Miguel1','2016-09-14 19:51:15','ADD TEAM AFFILIATION IN EVENT - Add Team Affiliation in event under contact: Contact ID: 22 | Event ID: 35'),(388,'leong1','2016-09-14 19:51:24','ADD EVENT ROLES - Add event roles under contact: Contact ID: 21 | Event ID: 30'),(389,'leong1','2016-09-14 19:51:24','ADD EVENT ROLES - Add event roles under contact: Contact ID: 21 | Event ID: 31'),(390,'leong1','2016-09-14 19:51:24','ADD EVENT ROLES - Add event roles under contact: Contact ID: 21 | Event ID: 32'),(391,'leong1','2016-09-14 19:51:24','ADD EVENT ROLES - Add event roles under contact: Contact ID: 21 | Event ID: 33'),(392,'leong1','2016-09-14 19:51:24','ADD EVENT ROLES - Add event roles under contact: Contact ID: 21 | Event ID: 34'),(393,'bill1','2016-09-14 19:51:48','JOIN EVENT - Join event under contact: Contact ID: 18 | Event ID: 13 | Event role ID: 17'),(394,'bill1','2016-09-14 19:51:58','JOIN EVENT - Join event under contact: Contact ID: 18 | Event ID: 9 | Event role ID: 13'),(395,'bill1','2016-09-14 19:52:04','JOIN EVENT - Join event under contact: Contact ID: 18 | Event ID: 20 | Event role ID: 24'),(396,'minyi1','2016-09-14 19:52:29','JOIN EVENT - Join event under contact: Contact ID: 19 | Event ID: 10 | Event role ID: 14'),(397,'marcus1','2016-09-14 19:52:40','JOIN EVENT - Join event under contact: Contact ID: 12 | Event ID: 20 | Event role ID: 24'),(398,'leong1','2016-09-14 19:52:59','ADD TEAM AFFILIATION IN EVENT - Add Team Affiliation in event under contact: Contact ID: 21 | Event ID: 30'),(399,'leong1','2016-09-14 19:52:59','ADD TEAM AFFILIATION IN EVENT - Add Team Affiliation in event under contact: Contact ID: 21 | Event ID: 31'),(400,'leong1','2016-09-14 19:52:59','ADD TEAM AFFILIATION IN EVENT - Add Team Affiliation in event under contact: Contact ID: 21 | Event ID: 32'),(401,'leong1','2016-09-14 19:52:59','ADD TEAM AFFILIATION IN EVENT - Add Team Affiliation in event under contact: Contact ID: 21 | Event ID: 33'),(402,'leong1','2016-09-14 19:52:59','ADD TEAM AFFILIATION IN EVENT - Add Team Affiliation in event under contact: Contact ID: 21 | Event ID: 34'),(403,'marcus1','2016-09-14 19:53:01','JOIN EVENT - Join event under contact: Contact ID: 12 | Event ID: 24 | Event role ID: 28'),(404,'Miguel1','2016-09-14 19:53:05','JOIN EVENT - Join event under contact: Contact ID: 22 | Event ID: 13 | Event role ID: 17'),(405,'marcus1','2016-09-14 19:53:17','JOIN EVENT - Join event under contact: Contact ID: 12 | Event ID: 12 | Event role ID: 16'),(406,'marcus1','2016-09-14 19:53:45','JOIN EVENT - Join event under contact: Contact ID: 12 | Event ID: 4 | Event role ID: 6'),(407,'marcus1','2016-09-14 19:53:52','JOIN EVENT - Join event under contact: Contact ID: 12 | Event ID: 26 | Event role ID: 30'),(408,'Debbie1','2016-09-14 19:53:54','ADD EVENT - Add event under contact: Contact ID: 17 | Event ID: 36'),(409,'marcus1','2016-09-14 19:53:57','JOIN EVENT - Join event under contact: Contact ID: 12 | Event ID: 17 | Event role ID: 21'),(410,'Debbie1','2016-09-14 19:55:06','ADD EVENT - Add event under contact: Contact ID: 17 | Event ID: 56'),(411,'Debbie1','2016-09-14 19:55:37','ADD EVENT ROLES - Add event roles under contact: Contact ID: 17 | Event ID: 56'),(412,'Debbie1','2016-09-14 19:55:47','ADD TEAM AFFILIATION IN EVENT - Add Team Affiliation in event under contact: Contact ID: 17 | Event ID: 56'),(413,'bill1','2016-09-14 19:57:39','JOIN EVENT - Join event under contact: Contact ID: 18 | Event ID: 10 | Event role ID: 14'),(414,'bill1','2016-09-14 19:57:48','JOIN EVENT - Join event under contact: Contact ID: 18 | Event ID: 25 | Event role ID: 29'),(415,'leong1','2016-09-14 19:58:13','UPDATE EVENT ROLES - Update event roles under contact: Contact ID: 21 | Event ID: 30'),(416,'leong1','2016-09-14 19:58:13','UPDATE EVENT - Update event under contact: Contact ID: 21 | Event ID: 30'),(417,'leong1','2016-09-14 19:59:23','UPDATE EVENT ROLES - Update event roles under contact: Contact ID: 21 | Event ID: 32'),(418,'leong1','2016-09-14 19:59:23','UPDATE EVENT - Update event under contact: Contact ID: 21 | Event ID: 32'),(419,'Debbie1','2016-09-14 19:59:44','ADD EVENT - Add event under contact: Contact ID: 17 | Event ID: 57'),(420,'Debbie1','2016-09-14 19:59:58','ADD EVENT ROLES - Add event roles under contact: Contact ID: 17 | Event ID: 57'),(421,'Debbie1','2016-09-14 19:59:58','ADD EVENT ROLES - Add event roles under contact: Contact ID: 17 | Event ID: 58'),(422,'Debbie1','2016-09-14 19:59:58','ADD EVENT ROLES - Add event roles under contact: Contact ID: 17 | Event ID: 59'),(423,'Debbie1','2016-09-14 19:59:58','ADD EVENT ROLES - Add event roles under contact: Contact ID: 17 | Event ID: 60'),(424,'Debbie1','2016-09-14 19:59:58','ADD EVENT ROLES - Add event roles under contact: Contact ID: 17 | Event ID: 61'),(425,'Debbie1','2016-09-14 19:59:58','ADD EVENT ROLES - Add event roles under contact: Contact ID: 17 | Event ID: 62'),(426,'Debbie1','2016-09-14 19:59:58','ADD EVENT ROLES - Add event roles under contact: Contact ID: 17 | Event ID: 63'),(427,'Debbie1','2016-09-14 19:59:58','ADD EVENT ROLES - Add event roles under contact: Contact ID: 17 | Event ID: 64'),(428,'Debbie1','2016-09-14 19:59:58','ADD EVENT ROLES - Add event roles under contact: Contact ID: 17 | Event ID: 65'),(429,'Debbie1','2016-09-14 19:59:58','ADD EVENT ROLES - Add event roles under contact: Contact ID: 17 | Event ID: 66'),(430,'Debbie1','2016-09-14 19:59:58','ADD EVENT ROLES - Add event roles under contact: Contact ID: 17 | Event ID: 67'),(431,'Debbie1','2016-09-14 19:59:58','ADD EVENT ROLES - Add event roles under contact: Contact ID: 17 | Event ID: 68'),(432,'Debbie1','2016-09-14 19:59:58','ADD EVENT ROLES - Add event roles under contact: Contact ID: 17 | Event ID: 69'),(433,'Debbie1','2016-09-14 19:59:58','ADD EVENT ROLES - Add event roles under contact: Contact ID: 17 | Event ID: 70'),(434,'Debbie1','2016-09-14 19:59:58','ADD EVENT ROLES - Add event roles under contact: Contact ID: 17 | Event ID: 71'),(435,'Debbie1','2016-09-14 19:59:58','ADD EVENT ROLES - Add event roles under contact: Contact ID: 17 | Event ID: 72'),(436,'Debbie1','2016-09-14 19:59:58','ADD EVENT ROLES - Add event roles under contact: Contact ID: 17 | Event ID: 73'),(437,'Debbie1','2016-09-14 19:59:58','ADD EVENT ROLES - Add event roles under contact: Contact ID: 17 | Event ID: 74'),(438,'Debbie1','2016-09-14 19:59:58','ADD EVENT ROLES - Add event roles under contact: Contact ID: 17 | Event ID: 75'),(439,'Debbie1','2016-09-14 19:59:58','ADD EVENT ROLES - Add event roles under contact: Contact ID: 17 | Event ID: 76'),(440,'leong1','2016-09-14 20:00:01','JOIN EVENT - Join event under contact: Contact ID: 17 | Event ID: 32 | Event role ID: 38'),(441,'Debbie1','2016-09-14 20:00:06','ADD TEAM AFFILIATION IN EVENT - Add Team Affiliation in event under contact: Contact ID: 17 | Event ID: 57'),(442,'Debbie1','2016-09-14 20:00:06','ADD TEAM AFFILIATION IN EVENT - Add Team Affiliation in event under contact: Contact ID: 17 | Event ID: 58'),(443,'Debbie1','2016-09-14 20:00:06','ADD TEAM AFFILIATION IN EVENT - Add Team Affiliation in event under contact: Contact ID: 17 | Event ID: 59'),(444,'Debbie1','2016-09-14 20:00:06','ADD TEAM AFFILIATION IN EVENT - Add Team Affiliation in event under contact: Contact ID: 17 | Event ID: 60'),(445,'Debbie1','2016-09-14 20:00:06','ADD TEAM AFFILIATION IN EVENT - Add Team Affiliation in event under contact: Contact ID: 17 | Event ID: 61'),(446,'Debbie1','2016-09-14 20:00:06','ADD TEAM AFFILIATION IN EVENT - Add Team Affiliation in event under contact: Contact ID: 17 | Event ID: 62'),(447,'Debbie1','2016-09-14 20:00:06','ADD TEAM AFFILIATION IN EVENT - Add Team Affiliation in event under contact: Contact ID: 17 | Event ID: 63'),(448,'Debbie1','2016-09-14 20:00:06','ADD TEAM AFFILIATION IN EVENT - Add Team Affiliation in event under contact: Contact ID: 17 | Event ID: 64'),(449,'Debbie1','2016-09-14 20:00:06','ADD TEAM AFFILIATION IN EVENT - Add Team Affiliation in event under contact: Contact ID: 17 | Event ID: 65'),(450,'Debbie1','2016-09-14 20:00:06','ADD TEAM AFFILIATION IN EVENT - Add Team Affiliation in event under contact: Contact ID: 17 | Event ID: 66'),(451,'Debbie1','2016-09-14 20:00:06','ADD TEAM AFFILIATION IN EVENT - Add Team Affiliation in event under contact: Contact ID: 17 | Event ID: 67'),(452,'Debbie1','2016-09-14 20:00:06','ADD TEAM AFFILIATION IN EVENT - Add Team Affiliation in event under contact: Contact ID: 17 | Event ID: 68'),(453,'Debbie1','2016-09-14 20:00:06','ADD TEAM AFFILIATION IN EVENT - Add Team Affiliation in event under contact: Contact ID: 17 | Event ID: 69'),(454,'Debbie1','2016-09-14 20:00:06','ADD TEAM AFFILIATION IN EVENT - Add Team Affiliation in event under contact: Contact ID: 17 | Event ID: 70'),(455,'Debbie1','2016-09-14 20:00:06','ADD TEAM AFFILIATION IN EVENT - Add Team Affiliation in event under contact: Contact ID: 17 | Event ID: 71'),(456,'Debbie1','2016-09-14 20:00:06','ADD TEAM AFFILIATION IN EVENT - Add Team Affiliation in event under contact: Contact ID: 17 | Event ID: 72'),(457,'Debbie1','2016-09-14 20:00:06','ADD TEAM AFFILIATION IN EVENT - Add Team Affiliation in event under contact: Contact ID: 17 | Event ID: 73'),(458,'Debbie1','2016-09-14 20:00:06','ADD TEAM AFFILIATION IN EVENT - Add Team Affiliation in event under contact: Contact ID: 17 | Event ID: 74'),(459,'Debbie1','2016-09-14 20:00:06','ADD TEAM AFFILIATION IN EVENT - Add Team Affiliation in event under contact: Contact ID: 17 | Event ID: 75'),(460,'Debbie1','2016-09-14 20:00:06','ADD TEAM AFFILIATION IN EVENT - Add Team Affiliation in event under contact: Contact ID: 17 | Event ID: 76'),(461,'leong1','2016-09-14 20:00:12','JOIN EVENT - Join event under contact: Contact ID: 21 | Event ID: 32 | Event role ID: 43'),(462,'leong1','2016-09-14 20:00:31','JOIN EVENT - Join event under contact: Contact ID: 19 | Event ID: 32 | Event role ID: 43'),(463,'bill1','2016-09-14 20:01:42','LEAVE EVENT ROLES - Leave event roles under contact: Contact ID: 18 | Event Role ID: 24'),(464,'leong1','2016-09-14 20:01:53','JOIN EVENT - Join event under contact: Contact ID: 17 | Event ID: 30 | Event role ID: 36'),(465,'bill1','2016-09-14 20:02:04','LEAVE EVENT ROLES - Leave event roles under contact: Contact ID: 18 | Event Role ID: 14'),(466,'Miguel1','2016-09-14 20:02:07','JOIN EVENT - Join event under contact: Contact ID: 22 | Event ID: 9 | Event role ID: 13'),(467,'Debbie1','2016-09-14 20:02:15','ADD EVENT - Add event under contact: Contact ID: 17 | Event ID: 77'),(468,'bill1','2016-09-14 20:02:17','LEAVE EVENT ROLES - Leave event roles under contact: Contact ID: 18 | Event Role ID: 17'),(469,'leong1','2016-09-14 20:02:29','JOIN EVENT - Join event under contact: Contact ID: 18 | Event ID: 30 | Event role ID: 42'),(470,'leong1','2016-09-14 20:02:29','JOIN EVENT - Join event under contact: Contact ID: 22 | Event ID: 30 | Event role ID: 42'),(471,'bill1','2016-09-14 20:02:35','LEAVE EVENT ROLES - Leave event roles under contact: Contact ID: 22 | Event Role ID: 13'),(472,'bill1','2016-09-14 20:02:45','LEAVE EVENT ROLES - Leave event roles under contact: Contact ID: 18 | Event Role ID: 13'),(473,'marcus1','2016-09-14 20:02:55','JOIN EVENT - Join event under contact: Contact ID: 11 | Event ID: 35 | Event role ID: 35'),(474,'marcus1','2016-09-14 20:02:55','JOIN EVENT - Join event under contact: Contact ID: 14 | Event ID: 35 | Event role ID: 35'),(475,'leong1','2016-09-14 20:03:07','LEAVE EVENT ROLES - Leave event roles under contact: Contact ID: 17 | Event Role ID: 36'),(476,'bill1','2016-09-14 20:03:14','JOIN EVENT - Join event under contact: Contact ID: 18 | Event ID: 9 | Event role ID: 13'),(477,'bill1','2016-09-14 20:03:42','UPDATE TEAM AFFILIATION IN EVENT - Update Team Affiliation in event under contact: Contact ID: 18 | Event ID: 30'),(478,'bill1','2016-09-14 20:03:42','UPDATE EVENT - Update event under contact: Contact ID: 18 | Event ID: 30'),(479,'Miguel1','2016-09-14 20:03:54','JOIN EVENT - Join event under contact: Contact ID: 22 | Event ID: 31 | Event role ID: 37'),(480,'Debbie1','2016-09-14 20:05:04','ADD EVENT ROLES - Add event roles under contact: Contact ID: 17 | Event ID: 77'),(481,'Debbie1','2016-09-14 20:05:04','ADD EVENT ROLES - Add event roles under contact: Contact ID: 17 | Event ID: 78'),(482,'Debbie1','2016-09-14 20:05:04','ADD EVENT ROLES - Add event roles under contact: Contact ID: 17 | Event ID: 79'),(483,'Debbie1','2016-09-14 20:05:04','ADD EVENT ROLES - Add event roles under contact: Contact ID: 17 | Event ID: 80'),(484,'Debbie1','2016-09-14 20:05:04','ADD EVENT ROLES - Add event roles under contact: Contact ID: 17 | Event ID: 81'),(485,'Debbie1','2016-09-14 20:05:04','ADD EVENT ROLES - Add event roles under contact: Contact ID: 17 | Event ID: 82'),(486,'Debbie1','2016-09-14 20:05:04','ADD EVENT ROLES - Add event roles under contact: Contact ID: 17 | Event ID: 83'),(487,'Debbie1','2016-09-14 20:05:05','ADD EVENT ROLES - Add event roles under contact: Contact ID: 17 | Event ID: 84'),(488,'Debbie1','2016-09-14 20:05:05','ADD EVENT ROLES - Add event roles under contact: Contact ID: 17 | Event ID: 85'),(489,'Debbie1','2016-09-14 20:05:05','ADD EVENT ROLES - Add event roles under contact: Contact ID: 17 | Event ID: 86'),(490,'Debbie1','2016-09-14 20:05:05','ADD EVENT ROLES - Add event roles under contact: Contact ID: 17 | Event ID: 87'),(491,'Debbie1','2016-09-14 20:05:05','ADD EVENT ROLES - Add event roles under contact: Contact ID: 17 | Event ID: 88'),(492,'Debbie1','2016-09-14 20:05:05','ADD EVENT ROLES - Add event roles under contact: Contact ID: 17 | Event ID: 89'),(493,'Debbie1','2016-09-14 20:05:05','ADD EVENT ROLES - Add event roles under contact: Contact ID: 17 | Event ID: 90'),(494,'Debbie1','2016-09-14 20:05:05','ADD EVENT ROLES - Add event roles under contact: Contact ID: 17 | Event ID: 91'),(495,'Debbie1','2016-09-14 20:05:05','ADD EVENT ROLES - Add event roles under contact: Contact ID: 17 | Event ID: 92'),(496,'Debbie1','2016-09-14 20:05:05','ADD EVENT ROLES - Add event roles under contact: Contact ID: 17 | Event ID: 93'),(497,'Debbie1','2016-09-14 20:05:05','ADD EVENT ROLES - Add event roles under contact: Contact ID: 17 | Event ID: 94'),(498,'Debbie1','2016-09-14 20:05:05','ADD EVENT ROLES - Add event roles under contact: Contact ID: 17 | Event ID: 95'),(499,'Debbie1','2016-09-14 20:05:05','ADD EVENT ROLES - Add event roles under contact: Contact ID: 17 | Event ID: 96'),(500,'leong1','2016-09-14 20:05:29','JOIN EVENT - Join event under contact: Contact ID: 21 | Event ID: 6 | Event role ID: 8'),(501,'bill1','2016-09-14 20:07:39','LEAVE EVENT ROLES - Leave event roles under contact: Contact ID: 18 | Event Role ID: 13'),(502,'bill1','2016-09-14 20:08:03','LEAVE EVENT ROLES - Leave event roles under contact: Contact ID: 18 | Event Role ID: 29'),(503,'Debbie1','2016-09-14 20:10:30','UPDATE EVENT - Update event under contact: Contact ID: 17 | Event ID: 78'),(504,'Debbie1','2016-09-14 20:10:46','UPDATE EVENT - Update event under contact: Contact ID: 17 | Event ID: 78'),(505,'Debbie1','2016-09-14 20:11:05','UPDATE EVENT - Update event under contact: Contact ID: 17 | Event ID: 78'),(506,'Debbie1','2016-09-14 20:11:20','UPDATE TEAM AFFILIATION IN EVENT - Update Team Affiliation in event under contact: Contact ID: 17 | Event ID: 78'),(507,'Debbie1','2016-09-14 20:11:20','UPDATE EVENT - Update event under contact: Contact ID: 17 | Event ID: 78'),(508,'marcus1','2016-09-14 20:11:21','LOGIN - Login into system'),(509,'Debbie1','2016-09-14 20:11:24','UPDATE EVENT - Update event under contact: Contact ID: 17 | Event ID: 78'),(510,'Debbie1','2016-09-14 20:13:14','ADD EVENT - Add event under contact: Contact ID: 17 | Event ID: 97'),(511,'Debbie1','2016-09-14 20:13:27','ADD EVENT ROLES - Add event roles under contact: Contact ID: 17 | Event ID: 97'),(512,'Debbie1','2016-09-14 20:13:27','ADD EVENT ROLES - Add event roles under contact: Contact ID: 17 | Event ID: 98'),(513,'Debbie1','2016-09-14 20:13:27','ADD EVENT ROLES - Add event roles under contact: Contact ID: 17 | Event ID: 99'),(514,'Debbie1','2016-09-14 20:13:27','ADD EVENT ROLES - Add event roles under contact: Contact ID: 17 | Event ID: 100'),(515,'Debbie1','2016-09-14 20:13:27','ADD EVENT ROLES - Add event roles under contact: Contact ID: 17 | Event ID: 101'),(516,'Debbie1','2016-09-14 20:13:27','ADD EVENT ROLES - Add event roles under contact: Contact ID: 17 | Event ID: 102'),(517,'Debbie1','2016-09-14 20:13:27','ADD EVENT ROLES - Add event roles under contact: Contact ID: 17 | Event ID: 103'),(518,'Debbie1','2016-09-14 20:13:27','ADD EVENT ROLES - Add event roles under contact: Contact ID: 17 | Event ID: 104'),(519,'Debbie1','2016-09-14 20:13:27','ADD EVENT ROLES - Add event roles under contact: Contact ID: 17 | Event ID: 105'),(520,'Debbie1','2016-09-14 20:13:27','ADD EVENT ROLES - Add event roles under contact: Contact ID: 17 | Event ID: 106'),(521,'Debbie1','2016-09-14 20:13:27','ADD EVENT ROLES - Add event roles under contact: Contact ID: 17 | Event ID: 107'),(522,'Debbie1','2016-09-14 20:13:27','ADD EVENT ROLES - Add event roles under contact: Contact ID: 17 | Event ID: 108'),(523,'Debbie1','2016-09-14 20:13:27','ADD EVENT ROLES - Add event roles under contact: Contact ID: 17 | Event ID: 109'),(524,'Debbie1','2016-09-14 20:13:27','ADD EVENT ROLES - Add event roles under contact: Contact ID: 17 | Event ID: 110'),(525,'Debbie1','2016-09-14 20:13:27','ADD EVENT ROLES - Add event roles under contact: Contact ID: 17 | Event ID: 111'),(526,'Debbie1','2016-09-14 20:13:27','ADD EVENT ROLES - Add event roles under contact: Contact ID: 17 | Event ID: 112'),(527,'Debbie1','2016-09-14 20:13:27','ADD EVENT ROLES - Add event roles under contact: Contact ID: 17 | Event ID: 113'),(528,'Debbie1','2016-09-14 20:13:27','ADD EVENT ROLES - Add event roles under contact: Contact ID: 17 | Event ID: 114'),(529,'Debbie1','2016-09-14 20:13:27','ADD EVENT ROLES - Add event roles under contact: Contact ID: 17 | Event ID: 115'),(530,'Debbie1','2016-09-14 20:13:27','ADD EVENT ROLES - Add event roles under contact: Contact ID: 17 | Event ID: 116'),(531,'Miguel1','2016-09-14 20:13:33','JOIN EVENT - Join event under contact: Contact ID: 17 | Event ID: 6 | Event role ID: 8'),(532,'Debbie1','2016-09-14 20:13:34','ADD TEAM AFFILIATION IN EVENT - Add Team Affiliation in event under contact: Contact ID: 17 | Event ID: 97'),(533,'Debbie1','2016-09-14 20:13:34','ADD TEAM AFFILIATION IN EVENT - Add Team Affiliation in event under contact: Contact ID: 17 | Event ID: 98'),(534,'Debbie1','2016-09-14 20:13:34','ADD TEAM AFFILIATION IN EVENT - Add Team Affiliation in event under contact: Contact ID: 17 | Event ID: 99'),(535,'Debbie1','2016-09-14 20:13:34','ADD TEAM AFFILIATION IN EVENT - Add Team Affiliation in event under contact: Contact ID: 17 | Event ID: 100'),(536,'Debbie1','2016-09-14 20:13:34','ADD TEAM AFFILIATION IN EVENT - Add Team Affiliation in event under contact: Contact ID: 17 | Event ID: 101'),(537,'Debbie1','2016-09-14 20:13:34','ADD TEAM AFFILIATION IN EVENT - Add Team Affiliation in event under contact: Contact ID: 17 | Event ID: 102'),(538,'Debbie1','2016-09-14 20:13:34','ADD TEAM AFFILIATION IN EVENT - Add Team Affiliation in event under contact: Contact ID: 17 | Event ID: 103'),(539,'Debbie1','2016-09-14 20:13:34','ADD TEAM AFFILIATION IN EVENT - Add Team Affiliation in event under contact: Contact ID: 17 | Event ID: 104'),(540,'Debbie1','2016-09-14 20:13:34','ADD TEAM AFFILIATION IN EVENT - Add Team Affiliation in event under contact: Contact ID: 17 | Event ID: 105'),(541,'Debbie1','2016-09-14 20:13:34','ADD TEAM AFFILIATION IN EVENT - Add Team Affiliation in event under contact: Contact ID: 17 | Event ID: 106'),(542,'Debbie1','2016-09-14 20:13:34','ADD TEAM AFFILIATION IN EVENT - Add Team Affiliation in event under contact: Contact ID: 17 | Event ID: 107'),(543,'Debbie1','2016-09-14 20:13:34','ADD TEAM AFFILIATION IN EVENT - Add Team Affiliation in event under contact: Contact ID: 17 | Event ID: 108'),(544,'Debbie1','2016-09-14 20:13:34','ADD TEAM AFFILIATION IN EVENT - Add Team Affiliation in event under contact: Contact ID: 17 | Event ID: 109'),(545,'Debbie1','2016-09-14 20:13:34','ADD TEAM AFFILIATION IN EVENT - Add Team Affiliation in event under contact: Contact ID: 17 | Event ID: 110'),(546,'Debbie1','2016-09-14 20:13:34','ADD TEAM AFFILIATION IN EVENT - Add Team Affiliation in event under contact: Contact ID: 17 | Event ID: 111'),(547,'Debbie1','2016-09-14 20:13:34','ADD TEAM AFFILIATION IN EVENT - Add Team Affiliation in event under contact: Contact ID: 17 | Event ID: 112'),(548,'Debbie1','2016-09-14 20:13:34','ADD TEAM AFFILIATION IN EVENT - Add Team Affiliation in event under contact: Contact ID: 17 | Event ID: 113'),(549,'Debbie1','2016-09-14 20:13:34','ADD TEAM AFFILIATION IN EVENT - Add Team Affiliation in event under contact: Contact ID: 17 | Event ID: 114'),(550,'Debbie1','2016-09-14 20:13:34','ADD TEAM AFFILIATION IN EVENT - Add Team Affiliation in event under contact: Contact ID: 17 | Event ID: 115'),(551,'Debbie1','2016-09-14 20:13:34','ADD TEAM AFFILIATION IN EVENT - Add Team Affiliation in event under contact: Contact ID: 17 | Event ID: 116'),(552,'Miguel1','2016-09-14 20:14:05','LEAVE EVENT ROLES - Leave event roles under contact: Contact ID: 17 | Event Role ID: 8'),(553,'admin1','2016-09-14 20:14:57','LOGIN - Login into system'),(554,'thaonguyen','2016-09-14 20:15:02','LOGIN - Login into system'),(555,'admin1','2016-09-14 20:15:14','UPDATE TEAM AFFILIATION IN EVENT - Update Team Affiliation in event under contact: Contact ID: 1 | Event ID: 8'),(556,'admin1','2016-09-14 20:15:14','UPDATE EVENT - Update event under contact: Contact ID: 1 | Event ID: 8'),(557,'bill1','2016-09-14 20:15:40','JOIN EVENT - Join event under contact: Contact ID: 19 | Event ID: 8 | Event role ID: 12'),(558,'admin1','2016-09-14 20:15:44','DELETE EVENT - Delete event under contact: Contact ID: 1'),(559,'admin1','2016-09-14 20:16:12','LOGIN - Login into system'),(560,'Debbie1','2016-09-14 20:17:18','UPDATE EVENT - Update event under contact: Contact ID: 17 | Event ID: 77'),(561,'Debbie1','2016-09-14 20:17:37','UPDATE TEAM AFFILIATION IN EVENT - Update Team Affiliation in event under contact: Contact ID: 17 | Event ID: 77'),(562,'Debbie1','2016-09-14 20:17:37','UPDATE EVENT - Update event under contact: Contact ID: 17 | Event ID: 77'),(563,'Debbie1','2016-09-14 20:19:03','UPDATE EVENT - Update event under contact: Contact ID: 17 | Event ID: 79'),(564,'Debbie1','2016-09-14 20:19:12','UPDATE TEAM AFFILIATION IN EVENT - Update Team Affiliation in event under contact: Contact ID: 17 | Event ID: 79'),(565,'Debbie1','2016-09-14 20:19:12','UPDATE EVENT - Update event under contact: Contact ID: 17 | Event ID: 79'),(566,'Debbie1','2016-09-14 20:19:59','UPDATE TEAM AFFILIATION IN EVENT - Update Team Affiliation in event under contact: Contact ID: 17 | Event ID: 80'),(567,'Debbie1','2016-09-14 20:19:59','UPDATE EVENT - Update event under contact: Contact ID: 17 | Event ID: 80'),(568,'Debbie1','2016-09-14 20:20:36','UPDATE TEAM AFFILIATION IN EVENT - Update Team Affiliation in event under contact: Contact ID: 17 | Event ID: 82'),(569,'Debbie1','2016-09-14 20:20:36','UPDATE EVENT - Update event under contact: Contact ID: 17 | Event ID: 82'),(570,'leong1','2016-09-14 20:20:54','UPDATE CONTACT - Update Contact under contact: Contact ID: 21'),(571,'bill1','2016-09-14 20:21:19','UPDATE CONTACT - Update Contact under contact: Contact ID: 18'),(572,'Debbie1','2016-09-14 20:21:38','UPDATE EVENT - Update event under contact: Contact ID: 17 | Event ID: 96'),(573,'Debbie1','2016-09-14 20:21:49','UPDATE TEAM AFFILIATION IN EVENT - Update Team Affiliation in event under contact: Contact ID: 17 | Event ID: 96'),(574,'Debbie1','2016-09-14 20:21:49','UPDATE EVENT - Update event under contact: Contact ID: 17 | Event ID: 96'),(575,'Miguel1','2016-09-14 20:22:03','UPDATE CONTACT - Update Contact under contact: Contact ID: 22'),(576,'bill1','2016-09-14 20:22:10','LOGIN - Login into system'),(577,'Miguel1','2016-09-14 20:22:28','LOGIN - Login into system'),(578,'admin1','2016-09-14 20:25:05','IMPORT DATA INTOCONTACT - 3 number of records added'),(579,'admin1','2016-09-14 20:25:31','EXPORT - Exported contact table'),(580,'admin1','2016-09-14 20:28:37','EXPORT - Exported email table'),(581,'admin1','2016-09-15 09:23:28','LOGIN - Login into system'),(582,'admin1','2016-09-15 09:23:39','LOGIN - Login into system'),(583,'admin1','2016-09-15 09:24:29','DELETE TEAM JOIN - Delete team join under contact: Contact ID: 15'),(584,'admin1','2016-09-15 09:24:46','ADD TEAM JOIN - Add team join under contact: Contact ID: 15'),(585,'tansihao','2016-09-15 09:25:34','LOGIN - Login into system'),(586,'admin1','2016-09-15 09:26:45','LOGIN - Login into system'),(587,'admin1','2016-09-15 09:27:19','UPDATE TEAM JOIN - Update team join under contact: Contact ID: 15'),(588,'tansihao','2016-09-15 09:27:50','LOGIN - Login into system'),(589,'tansihao','2016-09-15 09:28:32','DELETE EVENT - Delete event under contact: Contact ID: 15'),(590,'tansihao','2016-09-15 13:17:51','LOGIN - Login into system'),(591,'tansihao','2016-09-15 14:14:06','LOGIN - Login into system'),(592,'admin1','2016-09-15 14:15:29','LOGIN - Login into system'),(593,'admin1','2016-09-15 14:15:33','AUDIT LOG - Access into audit log'),(594,'admin1','2016-09-15 19:09:58','LOGIN - Login into system'),(595,'admin1','2016-09-15 19:15:01','LOGIN - Login into system'),(596,'admin1','2016-09-15 19:19:51','ADD EMAIL - Add email under contact: Contact ID: 21'),(597,'admin1','2016-09-15 19:26:39','ADD TRAINING - Add training under contact: Contact ID: 21'),(598,'admin1','2016-09-15 20:15:30','LOGIN - Login into system'),(599,'admin1','2016-09-15 23:55:33','LOGIN - Login into system'),(600,'admin1','2016-09-15 23:56:20','AUDIT LOG - Access into audit log'),(601,'admin1','2016-09-16 12:05:21','LOGIN - Login into system'),(602,'admin1','2016-09-16 12:06:18','ADD EVENT - Add event under contact: Contact ID: 1 | Event ID: 117'),(603,'admin1','2016-09-16 12:06:23','ADD EVENT ROLES - Add event roles under contact: Contact ID: 1 | Event ID: 117'),(604,'admin1','2016-09-16 12:06:29','ADD TEAM AFFILIATION IN EVENT - Add Team Affiliation in event under contact: Contact ID: 1 | Event ID: 117'),(605,'admin1','2016-09-16 12:08:49','LOGIN - Login into system'),(606,'admin1','2016-09-16 12:10:28','ADD TEAM JOIN - Add team join under contact: Contact ID: 11'),(607,'admin1','2016-09-16 12:11:09','LOGIN - Login into system'),(608,'huxleygoh','2016-09-16 12:11:59','LOGIN - Login into system'),(609,'huxleygoh','2016-09-16 12:12:39','ADD EVENT - Add event under contact: Contact ID: 11 | Event ID: 118'),(610,'huxleygoh','2016-09-16 12:12:44','ADD EVENT ROLES - Add event roles under contact: Contact ID: 11 | Event ID: 118'),(611,'huxleygoh','2016-09-16 12:12:46','ADD TEAM AFFILIATION IN EVENT - Add Team Affiliation in event under contact: Contact ID: 11 | Event ID: 118'),(612,'admin1','2016-09-16 13:17:19','LOGIN - Login into system'),(613,'darryl1','2016-09-16 13:36:09','LOGIN - Login into system'),(614,'admin1','2016-09-16 13:52:17','LOGIN - Login into system'),(615,'admin1','2016-09-16 13:52:32','AUDIT LOG - Access into audit log'),(616,'darryl1','2016-09-16 15:59:39','LOGIN - Login into system'),(617,'darryl1','2016-09-16 16:00:28','JOIN EVENT - Join event under contact: Contact ID: 13 | Event ID: 8 | Event role ID: 12'),(618,'admin1','2016-09-16 16:00:45','LOGIN - Login into system'),(619,'admin1','2016-09-16 16:03:21','EXPORT - Exported contact table'),(620,'admin1','2016-09-16 16:03:28','EXPORT - Exported contact table'),(621,'admin1','2016-09-16 16:18:34','LOGIN - Login into system'),(622,'admin1','2016-09-16 16:23:49','LOGIN - Login into system'),(623,'admin1','2016-09-16 16:27:18','UPDATE TEAM JOIN - Update team join under contact: Contact ID: 13'),(624,'darryl1','2016-09-16 16:28:56','LOGIN - Login into system'),(625,'admin1','2016-09-16 16:32:28','LOGIN - Login into system'),(626,'admin1','2016-09-16 16:32:29','LOGIN - Login into system'),(627,'admin1','2016-09-16 16:32:39','LOGIN - Login into system'),(628,'admin1','2016-09-16 16:33:09','ADD EVENT - Add event under contact: Contact ID: 1 | Event ID: 119'),(629,'admin1','2016-09-16 16:33:54','ADD EVENT ROLES - Add event roles under contact: Contact ID: 1 | Event ID: 119'),(630,'admin1','2016-09-16 16:33:57','ADD TEAM AFFILIATION IN EVENT - Add Team Affiliation in event under contact: Contact ID: 1 | Event ID: 119'),(631,'darryl1','2016-09-16 16:34:33','LOGIN - Login into system'),(632,'darryl1','2016-09-16 16:35:18','ADD EVENT - Add event under contact: Contact ID: 13 | Event ID: 120'),(633,'darryl1','2016-09-16 16:36:34','ADD EVENT ROLES - Add event roles under contact: Contact ID: 13 | Event ID: 120'),(634,'darryl1','2016-09-16 16:36:34','ADD EVENT ROLES - Add event roles under contact: Contact ID: 13 | Event ID: 121'),(635,'darryl1','2016-09-16 16:36:34','ADD EVENT ROLES - Add event roles under contact: Contact ID: 13 | Event ID: 122'),(636,'darryl1','2016-09-16 16:36:34','ADD EVENT ROLES - Add event roles under contact: Contact ID: 13 | Event ID: 123'),(637,'darryl1','2016-09-16 16:36:34','ADD EVENT ROLES - Add event roles under contact: Contact ID: 13 | Event ID: 124'),(638,'darryl1','2016-09-16 16:36:38','ADD TEAM AFFILIATION IN EVENT - Add Team Affiliation in event under contact: Contact ID: 13 | Event ID: 120'),(639,'darryl1','2016-09-16 16:36:38','ADD TEAM AFFILIATION IN EVENT - Add Team Affiliation in event under contact: Contact ID: 13 | Event ID: 121'),(640,'darryl1','2016-09-16 16:36:38','ADD TEAM AFFILIATION IN EVENT - Add Team Affiliation in event under contact: Contact ID: 13 | Event ID: 122'),(641,'darryl1','2016-09-16 16:36:38','ADD TEAM AFFILIATION IN EVENT - Add Team Affiliation in event under contact: Contact ID: 13 | Event ID: 123'),(642,'darryl1','2016-09-16 16:36:38','ADD TEAM AFFILIATION IN EVENT - Add Team Affiliation in event under contact: Contact ID: 13 | Event ID: 124'),(643,'darryl1','2016-09-16 16:46:53','LOGIN - Login into system'),(644,'darryl1','2016-09-16 16:53:02','LOGIN - Login into system'),(645,'darryl1','2016-09-16 16:53:14','JOIN EVENT - Join event under contact: Contact ID: 13 | Event ID: 120 | Event role ID: 109'),(646,'darryl1','2016-09-16 16:54:03','LEAVE EVENT ROLES - Leave event roles under contact: Contact ID: 12 | Event Role ID: 4'),(647,'admin1','2016-09-16 17:05:28','LOGIN - Login into system'),(648,'darryl1','2016-09-16 17:06:19','LOGIN - Login into system'),(649,'admin1','2016-09-16 17:06:52','LOGIN - Login into system'),(650,'admin1','2016-09-16 17:08:27','LOGIN - Login into system'),(651,'admin1','2016-09-16 17:10:24','LEAVE EVENT ROLES - Leave event roles under contact: Contact ID: 13 | Event Role ID: 109'),(652,'admin1','2016-09-16 17:10:28','JOIN EVENT - Join event under contact: Contact ID: 1 | Event ID: 120 | Event role ID: 108'),(653,'darryl1','2016-09-16 17:22:20','LOGIN - Login into system'),(654,'admin1','2016-09-16 17:22:35','LOGIN - Login into system'),(655,'darryl1','2016-09-16 17:23:52','ADD EVENT - Add event under contact: Contact ID: 13 | Event ID: 125'),(656,'darryl1','2016-09-16 17:24:05','ADD EVENT ROLES - Add event roles under contact: Contact ID: 13 | Event ID: 125'),(657,'darryl1','2016-09-16 17:24:09','ADD TEAM AFFILIATION IN EVENT - Add Team Affiliation in event under contact: Contact ID: 13 | Event ID: 125'),(658,'admin1','2016-09-17 13:37:12','LOGIN - Login into system'),(659,'admin1','2016-09-17 13:37:35','ADD EMAIL - Add email under contact: Contact ID: 13'),(660,'admin1','2016-09-17 13:43:22','LOGIN - Login into system'),(661,'admin1','2016-09-17 16:05:41','LOGIN - Login into system'),(662,'darryl1','2016-09-17 16:07:23','LOGIN - Login into system'),(663,'admin1','2016-09-17 16:25:57','CONTACT - Created contact: Contact ID: 26 | Name: aaaa'),(664,'admin1','2016-09-17 16:28:56','ADD PHONE - Add phone held under contact: Contact ID: 26'),(665,'admin1','2016-09-17 16:33:08','DELETE CONTACT - Delete contact under contact: Contact ID: 26'),(666,'admin1','2016-09-17 16:33:21','CONTACT - Created contact: Contact ID: 27 | Name: Bahamas'),(667,'admin1','2016-09-17 16:45:18','ADD PHONE - Add phone held under contact: Contact ID: 27'),(668,'admin1','2016-09-17 18:18:01','LOGIN - Login into system'),(669,'admin1','2016-09-17 22:26:51','LOGIN - Login into system'),(670,'admin1','2016-09-17 22:26:53','AUDIT LOG - Access into audit log'),(671,'admin1','2016-09-17 22:29:41','UPDATE PHONE - Update phone contact: Contact ID: 27'),(672,'admin1','2016-09-17 22:29:55','UPDATE PHONE - Update phone contact: Contact ID: 27'),(673,'admin1','2016-09-17 22:44:40','ADD EVENT - Add event under contact: Contact ID: 1 | Event ID: 126'),(674,'admin1','2016-09-17 22:52:26','ADD EVENT ROLES - Add event roles under contact: Contact ID: 1 | Event ID: 126'),(675,'admin1','2016-09-17 23:03:45','LOGIN - Login into system'),(676,'admin1','2016-09-17 23:13:01','ADD TEAM AFFILIATION IN EVENT - Add Team Affiliation in event under contact: Contact ID: 1 | Event ID: 126'),(677,'admin1','2016-09-17 23:15:32','LOGIN - Login into system'),(678,'admin1','2016-09-17 23:15:52','EXPORT - Exported phone table'),(679,'admin1','2016-09-17 23:16:04','EXPORT - Exported language table'),(680,'admin1','2016-09-17 23:16:23','EXPORT - Exported team join table'),(681,'admin1','2016-09-18 14:52:16','LOGIN - Login into system'),(682,'admin1','2016-09-18 14:53:08','EXPORT - Exported contact table'),(683,'admin1','2016-09-18 14:57:06','AUDIT LOG - Access into audit log'),(684,'admin1','2016-09-18 14:59:52','IMPORT DATA INTO CONTACT - 0 number of records added'),(685,'admin1','2016-09-18 14:59:53','IMPORT DATA INTO CONTACT - 0 number of records added'),(686,'admin1','2016-09-18 14:59:53','IMPORT DATA INTO CONTACT - 0 number of records added'),(687,'admin1','2016-09-18 16:11:44','LOGIN - Login into system'),(688,'admin1','2016-09-18 16:12:27','IMPORT DATA INTO CONTACT - 4 number of records added'),(689,'admin1','2016-09-18 16:22:23','LOGIN - Login into system'),(690,'admin1','2016-09-18 16:22:34','EXPORT - Exported contact table'),(691,'admin1','2016-09-19 00:23:36','LOGIN - Login into system'),(692,'admin1','2016-09-19 08:45:55','LOGIN - Login into system'),(693,'admin1','2016-09-19 08:46:15','IMPORT DATA INTO TEAMJOIN - 3 number of records added'),(694,'admin1','2016-09-19 08:47:01','AUDIT LOG - Access into audit log'),(695,'admin1','2016-09-19 08:47:29','AUDIT LOG - Access into audit log'),(696,'admin1','2016-09-19 08:47:55','IMPORT DATA INTO TEAMJOIN - 0 number of records added'),(697,'admin1','2016-09-19 08:48:17','IMPORT DATA INTO TEAMJOIN - 0 number of records added'),(698,'admin1','2016-09-19 08:48:45','DELETE CONTACT - Delete contact under contact: Contact ID: 31'),(699,'admin1','2016-09-19 08:48:50','DELETE CONTACT - Delete contact under contact: Contact ID: 30'),(700,'admin1','2016-09-19 08:48:54','DELETE CONTACT - Delete contact under contact: Contact ID: 29'),(701,'admin1','2016-09-19 08:48:58','DELETE CONTACT - Delete contact under contact: Contact ID: 28'),(702,'admin1','2016-09-19 08:49:49','IMPORT DATA INTO CONTACT - 4 number of records added'),(703,'admin1','2016-09-19 08:50:00','EXPORT - Exported contact table'),(704,'admin1','2016-09-19 08:51:29','IMPORT DATA INTO TEAMJOIN - 3 number of records added'),(705,'admin1','2016-09-19 08:52:17','IMPORT DATA INTO TEAMJOIN - 1 number of records added'),(706,'admin1','2016-09-19 09:38:41','LOGIN - Login into system'),(707,'huxleygoh','2016-09-19 09:41:11','LOGIN - Login into system'),(708,'huxleygoh','2016-09-19 09:43:20','ADD EVENT - Add event under contact: Contact ID: 11 | Event ID: 127'),(709,'huxleygoh','2016-09-19 09:43:27','ADD EVENT ROLES - Add event roles under contact: Contact ID: 11 | Event ID: 127'),(710,'huxleygoh','2016-09-19 09:43:36','ADD TEAM AFFILIATION IN EVENT - Add Team Affiliation in event under contact: Contact ID: 11 | Event ID: 127'),(711,'admin1','2016-09-19 09:43:39','LOGIN - Login into system'),(712,'darryl1','2016-09-19 10:44:34','LOGIN - Login into system'),(713,'admin1','2016-09-19 10:45:19','LOGIN - Login into system'),(714,'admin1','2016-09-19 11:16:45','LOGIN - Login into system'),(715,'admin1','2016-09-19 11:23:53','LOGIN - Login into system'),(716,'admin1','2016-09-19 11:26:43','CONTACT - Created contact: Contact ID: 36 | Name: Homo Sapiens'),(717,'admin1','2016-09-19 11:26:54','ADD PHONE - Add phone held under contact: Contact ID: 36'),(718,'admin1','2016-09-19 11:27:17','ADD EMAIL - Add email under contact: Contact ID: 36'),(719,'admin1','2016-09-19 11:27:38','ADD ADDRESS - Add address under contact: Contact ID: 36'),(720,'admin1','2016-09-19 11:27:52','ADD TEAM JOIN - Add team join under contact: Contact ID: 36'),(721,'admin1','2016-09-19 11:27:52','ADD TEAM JOIN - Add team join under contact: Contact ID: 36'),(722,'admin1','2016-09-19 11:27:52','ADD TEAM JOIN - Add team join under contact: Contact ID: 36'),(723,'admin1','2016-09-19 11:28:01','ADD LANGUAGE - Add language under contact: Contact ID: 36'),(724,'admin1','2016-09-19 11:28:14','ADD SKILL - Add skill under contact: Contact ID: 36'),(725,'admin1','2016-09-19 11:30:03','UPDATE CONTACT - Update Contact under contact: Contact ID: 36'),(726,'admin1','2016-09-19 12:37:25','LOGIN - Login into system'),(727,'admin1','2016-09-19 12:56:05','LOGIN - Login into system'),(728,'admin1','2016-09-19 12:56:23','CONTACT - Created contact: Contact ID: 37 | Name: speed tester'),(729,'admin1','2016-09-19 13:21:20','LOGIN - Login into system'),(730,'admin1','2016-09-19 13:21:24','AUDIT LOG - Access into audit log'),(731,'admin1','2016-09-19 13:21:36','CONTACT - Created contact: Contact ID: 38 | Name: Bug Bunny'),(732,'admin1','2016-09-19 13:21:44','ADD TEAM JOIN - Add team join under contact: Contact ID: 38'),(733,'admin1','2016-09-19 13:21:44','ADD TEAM JOIN - Add team join under contact: Contact ID: 38'),(734,'admin1','2016-09-19 13:43:37','CONTACT - Created contact: Contact ID: 39 | Name: team pref'),(735,'admin1','2016-09-19 13:43:47','ADD TEAM JOIN - Add team join under contact: Contact ID: 39'),(736,'admin1','2016-09-19 13:43:47','ADD TEAM JOIN - Add team join under contact: Contact ID: 39'),(737,'admin1','2016-09-19 13:43:47','ADD TEAM JOIN - Add team join under contact: Contact ID: 39'),(738,'admin1','2016-09-19 14:23:39','LOGIN - Login into system'),(739,'admin1','2016-09-19 14:24:54','UPDATE TEAM JOIN - Update team join under contact: Contact ID: 13'),(740,'darryl1','2016-09-19 14:25:15','LOGIN - Login into system'),(741,'darryl1','2016-09-19 14:25:33','CONTACT - Created contact: Contact ID: 40 | Name: testing'),(742,'admin1','2016-09-19 14:34:14','UPDATE TEAM JOIN - Update team join under contact: Contact ID: 13'),(743,'darryl1','2016-09-19 14:34:47','LOGIN - Login into system'),(744,'darryl1','2016-09-19 14:35:08','CONTACT - Created contact: Contact ID: 41 | Name: event leader test'),(745,'admin1','2016-09-19 14:46:46','UPDATE CONTACT - Update contact under contact: Contact ID: 40'),(746,'admin1','2016-09-19 14:51:28','UPDATE TEAM JOIN - Update team join under contact: Contact ID: 13'),(747,'darryl1','2016-09-19 14:51:35','LOGIN - Login into system'),(748,'admin1','2016-09-19 14:52:13','LOGIN - Login into system'),(749,'admin1','2016-09-19 14:52:57','UPDATE CONTACT - Update contact under contact: Contact ID: 40'),(750,'darryl1','2016-09-19 14:53:24','CONTACT - Created contact: Contact ID: 42 | Name: Contact1'),(751,'darryl1','2016-09-19 14:57:31','ADD EVENT - Add event under contact: Contact ID: 13 | Event ID: 128'),(752,'darryl1','2016-09-19 14:57:38','ADD EVENT ROLES - Add event roles under contact: Contact ID: 13 | Event ID: 128'),(753,'darryl1','2016-09-19 14:57:42','ADD TEAM AFFILIATION IN EVENT - Add Team Affiliation in event under contact: Contact ID: 13 | Event ID: 128'),(754,'admin1','2016-09-19 14:59:30','LOGIN - Login into system'),(755,'admin1','2016-09-19 15:00:49','ADD EVENT - Add event under contact: Contact ID: 1 | Event ID: 129'),(756,'admin1','2016-09-19 15:00:56','ADD EVENT ROLES - Add event roles under contact: Contact ID: 1 | Event ID: 129'),(757,'admin1','2016-09-19 15:00:56','ADD EVENT ROLES - Add event roles under contact: Contact ID: 1 | Event ID: 130'),(758,'admin1','2016-09-19 15:00:56','ADD EVENT ROLES - Add event roles under contact: Contact ID: 1 | Event ID: 131'),(759,'admin1','2016-09-19 15:00:59','ADD TEAM AFFILIATION IN EVENT - Add Team Affiliation in event under contact: Contact ID: 1 | Event ID: 129'),(760,'admin1','2016-09-19 15:00:59','ADD TEAM AFFILIATION IN EVENT - Add Team Affiliation in event under contact: Contact ID: 1 | Event ID: 130'),(761,'admin1','2016-09-19 15:00:59','ADD TEAM AFFILIATION IN EVENT - Add Team Affiliation in event under contact: Contact ID: 1 | Event ID: 131'),(762,'admin1','2016-09-19 15:02:31','ADD EVENT - Add event under contact: Contact ID: 1 | Event ID: 132'),(763,'admin1','2016-09-19 15:02:36','ADD EVENT ROLES - Add event roles under contact: Contact ID: 1 | Event ID: 132'),(764,'admin1','2016-09-19 15:02:36','ADD EVENT ROLES - Add event roles under contact: Contact ID: 1 | Event ID: 133'),(765,'admin1','2016-09-19 15:02:36','ADD EVENT ROLES - Add event roles under contact: Contact ID: 1 | Event ID: 134'),(766,'admin1','2016-09-19 15:02:38','ADD TEAM AFFILIATION IN EVENT - Add Team Affiliation in event under contact: Contact ID: 1 | Event ID: 132'),(767,'admin1','2016-09-19 15:02:38','ADD TEAM AFFILIATION IN EVENT - Add Team Affiliation in event under contact: Contact ID: 1 | Event ID: 133'),(768,'admin1','2016-09-19 15:02:38','ADD TEAM AFFILIATION IN EVENT - Add Team Affiliation in event under contact: Contact ID: 1 | Event ID: 134'),(769,'admin1','2016-09-19 16:09:03','LOGIN - Login into system'),(770,'admin1','2016-09-19 16:09:33','EXPORT - Exported contact table'),(771,'admin1','2016-09-19 16:23:13','LOGIN - Login into system'),(772,'admin1','2016-09-19 16:24:26','LOGIN - Login into system'),(773,'admin1','2016-09-19 16:28:29','LOGIN - Login into system'),(774,'admin1','2016-09-19 16:28:54','ADD EVENT - Add event under contact: Contact ID: 1 | Event ID: 135'),(775,'admin1','2016-09-19 16:29:07','ADD EVENT ROLES - Add event roles under contact: Contact ID: 1 | Event ID: 135'),(776,'admin1','2016-09-19 16:29:12','ADD TEAM AFFILIATION IN EVENT - Add Team Affiliation in event under contact: Contact ID: 1 | Event ID: 135'),(777,'ADMIN1','2016-09-20 12:16:03','LOGIN - Login into system'),(778,'ADMIN1','2016-09-20 12:16:32','ADD EMAIL - Add email under contact: Contact ID: 36'),(779,'ADMIN1','2016-09-20 12:16:51','ADD PHONE - Add phone held under contact: Contact ID: 36'),(780,'admin1','2016-09-20 12:27:13','LOGIN - Login into system'),(781,'darryl1','2016-09-20 12:27:39','LOGIN - Login into system'),(782,'darryl1','2016-09-20 12:27:46','CONTACT - Created contact: Contact ID: 43 | Name: test'),(783,'darryl1','2016-09-20 12:28:45','LOGIN - Login into system'),(784,'darryl1','2016-09-20 12:28:53','CONTACT - Created contact: Contact ID: 44 | Name: test'),(785,'admin1','2016-09-20 12:53:24','LOGIN - Login into system'),(786,'admin1','2016-09-20 13:16:26','LOGIN - Login into system'),(787,'marcus1','2016-09-20 13:16:48','LOGIN - Login into system'),(788,'marcus1','2016-09-20 13:17:02','CONTACT - Created contact: Contact ID: 45 | Name: thao thao'),(789,'admin1','2016-09-20 14:23:33','LOGIN - Login into system'),(790,'admin1','2016-09-20 14:23:52','ADD EMAIL - Add email under contact: Contact ID: 45'),(791,'admin1','2016-09-20 14:53:38','LOGIN - Login into system'),(792,'admin1','2016-09-20 14:54:39','LOGIN - Login into system'),(793,'admin1','2016-09-20 14:54:43','LOGIN - Login into system'),(794,'admin1','2016-09-20 15:11:06','LOGIN - Login into system'),(795,'darryl1','2016-09-20 15:12:01','LOGIN - Login into system'),(796,'darryl1','2016-09-20 15:12:08','CONTACT - Created contact: Contact ID: 46 | Name: test'),(797,'darryl1','2016-09-20 15:12:12','ADD TEAM JOIN - Add team join under contact: Contact ID: 46'),(798,'admin1','2016-09-20 15:16:53','LOGIN - Login into system'),(799,'admin1','2016-09-20 15:17:56','JOIN EVENT - Join event under contact: Contact ID: 1 | Event ID: 127 | Event role ID: 136'),(800,'admin1','2016-09-20 15:37:50','LOGIN - Login into system'),(801,'sapiens','2016-09-20 15:39:39','LOGIN - Login into system'),(802,'admin1','2016-09-20 15:40:03','LOGIN - Login into system'),(803,'admin1','2016-09-20 15:40:24','UPDATE CONTACT - Update Contact under contact: Contact ID: 36'),(804,'sapiens','2016-09-20 15:40:43','LOGIN - Login into system'),(805,'sapiens','2016-09-20 15:42:18','CONTACT - Created contact: Contact ID: 47 | Name: Homo Neanderthalis'),(806,'sapiens','2016-09-20 15:42:28','ADD PHONE - Add phone held under contact: Contact ID: 47'),(807,'sapiens','2016-09-20 15:42:44','ADD EMAIL - Add email under contact: Contact ID: 47'),(808,'sapiens','2016-09-20 15:43:02','ADD ADDRESS - Add address under contact: Contact ID: 47'),(809,'sapiens','2016-09-20 15:43:18','ADD TEAM JOIN - Add team join under contact: Contact ID: 47'),(810,'sapiens','2016-09-20 15:43:18','ADD TEAM JOIN - Add team join under contact: Contact ID: 47'),(811,'sapiens','2016-09-20 15:43:31','ADD LANGUAGE - Add language under contact: Contact ID: 47'),(812,'sapiens','2016-09-20 15:43:48','ADD LANGUAGE - Add language under contact: Contact ID: 47'),(813,'sapiens','2016-09-20 15:44:05','ADD SKILL - Add skill under contact: Contact ID: 47'),(814,'sapiens','2016-09-20 15:45:38','CONTACT - Created contact: Contact ID: 48 | Name: Homo Denisovus'),(815,'sapiens','2016-09-20 15:45:52','ADD PHONE - Add phone held under contact: Contact ID: 48'),(816,'sapiens','2016-09-20 15:46:05','ADD EMAIL - Add email under contact: Contact ID: 48'),(817,'sapiens','2016-09-20 15:46:21','ADD ADDRESS - Add address under contact: Contact ID: 48'),(818,'sapiens','2016-09-20 15:46:29','ADD TEAM JOIN - Add team join under contact: Contact ID: 48'),(819,'sapiens','2016-09-20 15:46:29','ADD TEAM JOIN - Add team join under contact: Contact ID: 48'),(820,'sapiens','2016-09-20 15:46:39','ADD LANGUAGE - Add language under contact: Contact ID: 48'),(821,'sapiens','2016-09-20 15:46:52','ADD LANGUAGE - Add language under contact: Contact ID: 48'),(822,'sapiens','2016-09-20 15:48:01','CONTACT - Created contact: Contact ID: 49 | Name: Homo Heidelbergensis'),(823,'sapiens','2016-09-20 15:48:11','ADD PHONE - Add phone held under contact: Contact ID: 49'),(824,'sapiens','2016-09-20 15:48:27','ADD EMAIL - Add email under contact: Contact ID: 49'),(825,'sapiens','2016-09-20 15:48:45','ADD ADDRESS - Add address under contact: Contact ID: 49'),(826,'sapiens','2016-09-20 15:48:56','ADD TEAM JOIN - Add team join under contact: Contact ID: 49'),(827,'sapiens','2016-09-20 15:48:56','ADD TEAM JOIN - Add team join under contact: Contact ID: 49'),(828,'sapiens','2016-09-20 15:48:56','ADD TEAM JOIN - Add team join under contact: Contact ID: 49'),(829,'sapiens','2016-09-20 15:49:04','ADD LANGUAGE - Add language under contact: Contact ID: 49'),(830,'sapiens','2016-09-20 15:49:28','ADD SKILL - Add skill under contact: Contact ID: 49'),(831,'sapiens','2016-09-20 15:50:52','CONTACT - Created contact: Contact ID: 50 | Name: Homo Erectus'),(832,'sapiens','2016-09-20 15:51:06','ADD PHONE - Add phone held under contact: Contact ID: 50'),(833,'sapiens','2016-09-20 15:51:19','ADD EMAIL - Add email under contact: Contact ID: 50'),(834,'sapiens','2016-09-20 15:51:45','ADD ADDRESS - Add address under contact: Contact ID: 50'),(835,'sapiens','2016-09-20 15:51:54','ADD TEAM JOIN - Add team join under contact: Contact ID: 50'),(836,'sapiens','2016-09-20 15:51:54','ADD TEAM JOIN - Add team join under contact: Contact ID: 50'),(837,'sapiens','2016-09-20 15:52:19','ADD LANGUAGE - Add language under contact: Contact ID: 50'),(838,'sapiens','2016-09-20 15:52:33','ADD SKILL - Add skill under contact: Contact ID: 50'),(839,'sapiens','2016-09-20 15:53:47','CONTACT - Created contact: Contact ID: 51 | Name: Homo afarensis'),(840,'sapiens','2016-09-20 15:54:02','ADD PHONE - Add phone held under contact: Contact ID: 51'),(841,'sapiens','2016-09-20 15:54:24','ADD EMAIL - Add email under contact: Contact ID: 51'),(842,'sapiens','2016-09-20 15:54:56','ADD ADDRESS - Add address under contact: Contact ID: 51'),(843,'sapiens','2016-09-20 15:55:07','ADD TEAM JOIN - Add team join under contact: Contact ID: 51'),(844,'sapiens','2016-09-20 15:55:07','ADD TEAM JOIN - Add team join under contact: Contact ID: 51'),(845,'sapiens','2016-09-20 15:55:07','ADD TEAM JOIN - Add team join under contact: Contact ID: 51'),(846,'sapiens','2016-09-20 15:55:21','ADD LANGUAGE - Add language under contact: Contact ID: 51'),(847,'sapiens','2016-09-20 15:55:27','ADD LANGUAGE - Add language under contact: Contact ID: 51'),(848,'sapiens','2016-09-20 15:55:44','ADD LANGUAGE - Add language under contact: Contact ID: 51'),(849,'sapiens','2016-09-20 15:55:55','ADD SKILL - Add skill under contact: Contact ID: 51'),(850,'sapiens','2016-09-20 15:58:38','UPDATE EMAIL - Update email under contact: Contact ID: 47'),(851,'sapiens','2016-09-20 15:58:38','RESEND EMAIL VERIFICATION - Send email under contact: Contact ID: 36 | TO Contact ID: 47, alex.au@twc2.org.sg'),(852,'sapiens','2016-09-20 16:01:23','UPDATE EMAIL - Update email under contact: Contact ID: 48'),(853,'sapiens','2016-09-20 16:01:23','RESEND EMAIL VERIFICATION - Send email under contact: Contact ID: 36 | TO Contact ID: 48, webadmin@twc2.org.sg'),(854,'sapiens','2016-09-20 16:04:54','RESEND EMAIL VERIFICATION - Send email under contact: Contact ID: 36 | TO Contact ID: 49, socialworker1@twc2.org.sg'),(855,'sapiens','2016-09-20 16:04:54','UPDATE EMAIL - Update email under contact: Contact ID: 49'),(856,'sapiens','2016-09-20 16:06:28','RESEND EMAIL VERIFICATION - Send email under contact: Contact ID: 36 | TO Contact ID: 50, socialworker2@twc2.org.sg'),(857,'sapiens','2016-09-20 16:06:28','UPDATE EMAIL - Update email under contact: Contact ID: 50'),(858,'sapiens','2016-09-20 16:07:49','UPDATE EMAIL - Update email under contact: Contact ID: 51'),(859,'sapiens','2016-09-20 16:07:49','RESEND EMAIL VERIFICATION - Send email under contact: Contact ID: 36 | TO Contact ID: 51, twc2media@gmail.com'),(860,'sapiens','2016-09-20 16:09:21','UPDATE TEAM JOIN - Update team join under contact: Contact ID: 47'),(861,'sapiens','2016-09-20 16:10:06','UPDATE TEAM JOIN - Update team join under contact: Contact ID: 48'),(862,'sapiens','2016-09-20 16:11:47','UPDATE TEAM JOIN - Update team join under contact: Contact ID: 49'),(863,'sapiens','2016-09-20 16:12:38','UPDATE TEAM JOIN - Update team join under contact: Contact ID: 50'),(864,'sapiens','2016-09-20 16:13:35','LOGIN - Login into system'),(865,'sapiens','2016-09-20 16:14:08','UPDATE CONTACT - Update Contact under contact: Contact ID: 47'),(866,'sapiens','2016-09-20 16:14:36','UPDATE CONTACT - Update Contact under contact: Contact ID: 48'),(867,'sapiens','2016-09-20 16:15:14','UPDATE CONTACT - Update Contact under contact: Contact ID: 49'),(868,'sapiens','2016-09-20 16:15:50','UPDATE CONTACT - Update Contact under contact: Contact ID: 50'),(869,'sapiens','2016-09-20 16:16:16','UPDATE CONTACT - Update Contact under contact: Contact ID: 51'),(870,'neanderthalis','2016-09-20 16:16:32','LOGIN - Login into system'),(871,'neanderthalis','2016-09-20 16:19:42','ADD EVENT - Add event under contact: Contact ID: 47 | Event ID: 136'),(872,'neanderthalis','2016-09-20 16:21:50','ADD EVENT ROLES - Add event roles under contact: Contact ID: 47 | Event ID: 136'),(873,'neanderthalis','2016-09-20 16:22:08','ADD TEAM AFFILIATION IN EVENT - Add Team Affiliation in event under contact: Contact ID: 47 | Event ID: 136'),(874,'neanderthalis','2016-09-20 16:23:19','ADD EVENT - Add event under contact: Contact ID: 47 | Event ID: 137'),(875,'neanderthalis','2016-09-20 16:23:53','ADD EVENT ROLES - Add event roles under contact: Contact ID: 47 | Event ID: 137'),(876,'neanderthalis','2016-09-20 16:23:55','ADD TEAM AFFILIATION IN EVENT - Add Team Affiliation in event under contact: Contact ID: 47 | Event ID: 137'),(877,'neanderthalis','2016-09-20 16:25:03','ADD EVENT - Add event under contact: Contact ID: 47 | Event ID: 138'),(878,'neanderthalis','2016-09-20 16:26:05','ADD EVENT ROLES - Add event roles under contact: Contact ID: 47 | Event ID: 138'),(879,'neanderthalis','2016-09-20 16:26:07','ADD TEAM AFFILIATION IN EVENT - Add Team Affiliation in event under contact: Contact ID: 47 | Event ID: 138'),(880,'neanderthalis','2016-09-20 16:27:28','ADD EVENT - Add event under contact: Contact ID: 47 | Event ID: 139'),(881,'neanderthalis','2016-09-20 16:28:27','ADD EVENT ROLES - Add event roles under contact: Contact ID: 47 | Event ID: 139'),(882,'neanderthalis','2016-09-20 16:28:29','ADD TEAM AFFILIATION IN EVENT - Add Team Affiliation in event under contact: Contact ID: 47 | Event ID: 139'),(883,'neanderthalis','2016-09-20 16:29:36','ADD EVENT - Add event under contact: Contact ID: 47 | Event ID: 140'),(884,'neanderthalis','2016-09-20 16:30:43','ADD EVENT ROLES - Add event roles under contact: Contact ID: 47 | Event ID: 140'),(885,'neanderthalis','2016-09-20 16:30:45','ADD TEAM AFFILIATION IN EVENT - Add Team Affiliation in event under contact: Contact ID: 47 | Event ID: 140'),(886,'neanderthalis','2016-09-20 16:32:30','JOIN EVENT - Join event under contact: Contact ID: 47 | Event ID: 136 | Event role ID: 145'),(887,'neanderthalis','2016-09-20 16:34:06','JOIN EVENT - Join event under contact: Contact ID: 47 | Event ID: 137 | Event role ID: 148'),(888,'neanderthalis','2016-09-20 16:35:11','JOIN EVENT - Join event under contact: Contact ID: 47 | Event ID: 140 | Event role ID: 161'),(889,'admin1','2016-09-20 17:02:05','LOGIN - Login into system'),(890,'admin1','2016-09-20 17:02:47','ADD EVENT - Add event under contact: Contact ID: 1 | Event ID: 141'),(891,'admin1','2016-09-20 17:02:53','ADD EVENT ROLES - Add event roles under contact: Contact ID: 1 | Event ID: 141'),(892,'admin1','2016-09-20 17:02:53','ADD EVENT ROLES - Add event roles under contact: Contact ID: 1 | Event ID: 142'),(893,'admin1','2016-09-20 17:02:53','ADD EVENT ROLES - Add event roles under contact: Contact ID: 1 | Event ID: 143'),(894,'admin1','2016-09-20 17:02:57','ADD TEAM AFFILIATION IN EVENT - Add Team Affiliation in event under contact: Contact ID: 1 | Event ID: 141'),(895,'admin1','2016-09-20 17:02:57','ADD TEAM AFFILIATION IN EVENT - Add Team Affiliation in event under contact: Contact ID: 1 | Event ID: 142'),(896,'admin1','2016-09-20 17:02:57','ADD TEAM AFFILIATION IN EVENT - Add Team Affiliation in event under contact: Contact ID: 1 | Event ID: 143'),(897,'admin1','2016-09-20 17:04:47','DELETE EVENT - Delete event under contact: Contact ID: 1'),(898,'admin1','2016-09-20 17:04:55','DELETE EVENT - Delete event under contact: Contact ID: 1'),(899,'admin1','2016-09-20 17:05:03','DELETE EVENT - Delete event under contact: Contact ID: 1'),(900,'admin1','2016-09-20 17:05:42','ADD EVENT - Add event under contact: Contact ID: 1 | Event ID: 144'),(901,'admin1','2016-09-20 17:05:49','ADD EVENT ROLES - Add event roles under contact: Contact ID: 1 | Event ID: 144'),(902,'admin1','2016-09-20 17:05:49','ADD EVENT ROLES - Add event roles under contact: Contact ID: 1 | Event ID: 145'),(903,'admin1','2016-09-20 17:05:51','ADD TEAM AFFILIATION IN EVENT - Add Team Affiliation in event under contact: Contact ID: 1 | Event ID: 144'),(904,'admin1','2016-09-20 17:05:51','ADD TEAM AFFILIATION IN EVENT - Add Team Affiliation in event under contact: Contact ID: 1 | Event ID: 145'),(905,'denisovus','2016-09-20 17:06:51','LOGIN - Login into system'),(906,'heidelbergensis','2016-09-20 17:13:01','LOGIN - Login into system'),(907,'denisovus','2016-09-20 17:15:09','LOGIN - Login into system'),(908,'denisovus','2016-09-20 17:16:43','ADD EVENT - Add event under contact: Contact ID: 48 | Event ID: 146'),(909,'denisovus','2016-09-20 17:17:48','ADD EVENT ROLES - Add event roles under contact: Contact ID: 48 | Event ID: 146'),(910,'denisovus','2016-09-20 17:17:51','ADD TEAM AFFILIATION IN EVENT - Add Team Affiliation in event under contact: Contact ID: 48 | Event ID: 146'),(911,'denisovus','2016-09-20 17:18:16','JOIN EVENT - Join event under contact: Contact ID: 48 | Event ID: 146 | Event role ID: 167'),(912,'afarensis','2016-09-20 17:18:35','LOGIN - Login into system'),(913,'denisovus','2016-09-20 18:03:12','LOGIN - Login into system'),(914,'denisovus','2016-09-20 18:04:58','ADD EVENT - Add event under contact: Contact ID: 48 | Event ID: 147'),(915,'denisovus','2016-09-20 18:06:08','ADD EVENT ROLES - Add event roles under contact: Contact ID: 48 | Event ID: 147'),(916,'denisovus','2016-09-20 18:06:10','ADD TEAM AFFILIATION IN EVENT - Add Team Affiliation in event under contact: Contact ID: 48 | Event ID: 147'),(917,'erectus','2016-09-20 18:07:02','LOGIN - Login into system'),(918,'denisovus','2016-09-20 18:07:39','LOGIN - Login into system'),(919,'denisovus','2016-09-20 18:11:28','LOGIN - Login into system'),(920,'denisovus','2016-09-20 18:13:11','JOIN EVENT - Join event under contact: Contact ID: 48 | Event ID: 140 | Event role ID: 159'),(921,'admin1','2016-09-20 19:02:35','LOGIN - Login into system'),(922,'admin1','2016-09-20 19:46:33','LOGIN - Login into system'),(923,'admin1','2016-09-20 19:52:38','JOIN EVENT - Join event under contact: Contact ID: 13 | Event ID: 126 | Event role ID: 135'),(924,'admin1','2016-09-21 08:58:21','LOGIN - Login into system'),(925,'denisovus','2016-09-21 14:08:29','LOGIN - Login into system'),(926,'denisovus','2016-09-21 14:09:53','CONTACT - Created contact: Contact ID: 52 | Name: Homo Pekinensis'),(927,'sapiens','2016-09-21 14:11:18','LOGIN - Login into system'),(928,'sapiens','2016-09-21 14:11:25','DELETE CONTACT - Delete contact under contact: Contact ID: 52'),(929,'sapiens','2016-09-21 14:12:08','ADD TEAM JOIN - Add team join under contact: Contact ID: 17'),(930,'sapiens','2016-09-21 14:12:56','ADD TEAM JOIN - Add team join under contact: Contact ID: 19'),(931,'sapiens','2016-09-21 14:13:59','UPDATE CONTACT - Update contact under contact: Contact ID: 51'),(932,'denisovus','2016-09-21 14:31:27','LOGIN - Login into system'),(933,'admin1','2016-09-21 16:53:32','LOGIN - Login into system'),(934,'sapiens','2016-09-21 16:56:24','LOGIN - Login into system'),(935,'Minyi1','2016-09-21 17:00:50','LOGIN - Login into system'),(936,'neanderthalis','2016-09-21 17:02:12','LOGIN - Login into system'),(937,'denisovus','2016-09-21 17:02:16','LOGIN - Login into system'),(938,'Minyi1','2016-09-21 17:02:37','CONTACT - Created contact: Contact ID: 53 | Name: Rashiqa'),(939,'Minyi1','2016-09-21 17:02:48','ADD EMAIL - Add email under contact: Contact ID: 53'),(940,'neanderthalis','2016-09-21 17:03:31','CONTACT - Created contact: Contact ID: 54 | Name: Christine Pelly'),(941,'denisovus','2016-09-21 17:03:34','CONTACT - Created contact: Contact ID: 55 | Name: Jill Ratnam'),(942,'debbie1','2016-09-21 17:04:00','UPDATE CONTACT - Update Contact forgot password under contact: Contact ID: 17'),(943,'denisovus','2016-09-21 17:04:09','ADD EMAIL - Add email under contact: Contact ID: 55'),(944,'sapiens','2016-09-21 17:04:26','UPDATE EMAIL - Update email under contact: Contact ID: 53'),(945,'sapiens','2016-09-21 17:04:26','RESEND EMAIL VERIFICATION - Send email under contact: Contact ID: 36 | TO Contact ID: 53, socialworker5@twc2.org.sg'),(946,'debbie1','2016-09-21 17:04:37','LOGIN - Login into system'),(947,'sapiens','2016-09-21 17:05:00','UPDATE CONTACT - Update Contact under contact: Contact ID: 53'),(948,'neanderthalis','2016-09-21 17:05:08','ADD EMAIL - Add email under contact: Contact ID: 54'),(949,'rashiqa1','2016-09-21 17:05:18','LOGIN - Login into system'),(950,'Minyi1','2016-09-21 17:05:45','CONTACT - Created contact: Contact ID: 56 | Name: Russell'),(951,'rashiqa1','2016-09-21 17:05:48','UPDATE CONTACT - Update Contact under contact: Contact ID: 53'),(952,'admin1','2016-09-21 17:05:48','LOGIN - Login into system'),(953,'Minyi1','2016-09-21 17:06:02','ADD EMAIL - Add email under contact: Contact ID: 56'),(954,'sapiens','2016-09-21 17:06:11','UPDATE EMAIL - Update email under contact: Contact ID: 54'),(955,'sapiens','2016-09-21 17:06:11','RESEND EMAIL VERIFICATION - Send email under contact: Contact ID: 36 | TO Contact ID: 54, christine.pelly@gmail.com'),(956,'debbie1','2016-09-21 17:06:36','CONTACT - Created contact: Contact ID: 57 | Name: Hana'),(957,'debbie1','2016-09-21 17:06:56','ADD EMAIL - Add email under contact: Contact ID: 57'),(958,'debbie1','2016-09-21 17:07:14','ADD TEAM JOIN - Add team join under contact: Contact ID: 57'),(959,'debbie1','2016-09-21 17:07:14','ADD TEAM JOIN - Add team join under contact: Contact ID: 57'),(960,'admin1','2016-09-21 17:07:41','UPDATE EMAIL - Update email under contact: Contact ID: 56'),(961,'admin1','2016-09-21 17:07:41','RESEND EMAIL VERIFICATION - Send email under contact: Contact ID: 1 | TO Contact ID: 56, russell.heng@twc2.org.sg'),(962,'sapiens','2016-09-21 17:07:43','UPDATE CONTACT - Update Contact under contact: Contact ID: 54'),(963,'christine1','2016-09-21 17:08:12','LOGIN - Login into system'),(964,'admin1','2016-09-21 17:08:38','UPDATE CONTACT - Update Contact under contact: Contact ID: 56'),(965,'debbie1','2016-09-21 17:09:03','LOGIN - Login into system'),(966,'sapiens','2016-09-21 17:09:07','UPDATE EMAIL - Update email under contact: Contact ID: 55'),(967,'sapiens','2016-09-21 17:09:07','RESEND EMAIL VERIFICATION - Send email under contact: Contact ID: 36 | TO Contact ID: 55, jillratnam@hotmail.com'),(968,'admin1','2016-09-21 17:09:13','DELETE CONTACT - Delete contact under contact: Contact ID: 57'),(969,'russel1','2016-09-21 17:09:21','LOGIN - Login into system'),(970,'debbie1','2016-09-21 17:09:39','CONTACT - Created contact: Contact ID: 58 | Name: Hana'),(971,'debbie1','2016-09-21 17:09:53','ADD EMAIL - Add email under contact: Contact ID: 58'),(972,'debbie1','2016-09-21 17:10:14','ADD TEAM JOIN - Add team join under contact: Contact ID: 58'),(973,'debbie1','2016-09-21 17:10:14','ADD TEAM JOIN - Add team join under contact: Contact ID: 58'),(974,'russel1','2016-09-21 17:10:16','UPDATE CONTACT - Update Contact under contact: Contact ID: 56'),(975,'sapiens','2016-09-21 17:10:22','UPDATE CONTACT - Update Contact under contact: Contact ID: 55'),(976,'christine1','2016-09-21 17:11:12','UPDATE CONTACT - Update Contact under contact: Contact ID: 54'),(977,'debbie1','2016-09-21 17:11:31','RESEND EMAIL VERIFICATION - Send email under contact: Contact ID: 17 | TO Contact ID: 58, aux.verum@gmail.com'),(978,'debbie1','2016-09-21 17:11:31','UPDATE EMAIL - Update email under contact: Contact ID: 58'),(979,'Jill1','2016-09-21 17:11:32','LOGIN - Login into system'),(980,'sapiens','2016-09-21 17:12:02','UPDATE CONTACT - Update Contact under contact: Contact ID: 58'),(981,'Hana1','2016-09-21 17:12:34','LOGIN - Login into system'),(982,'admin1','2016-09-21 17:16:53','LOGIN - Login into system'),(983,'sapiens','2016-09-21 17:16:53','DELETE CONTACT - Delete contact under contact: Contact ID: 58'),(984,'sapiens','2016-09-21 17:17:04','DELETE CONTACT - Delete contact under contact: Contact ID: 56'),(985,'sapiens','2016-09-21 17:17:12','DELETE CONTACT - Delete contact under contact: Contact ID: 55'),(986,'sapiens','2016-09-21 17:17:18','DELETE CONTACT - Delete contact under contact: Contact ID: 54'),(987,'sapiens','2016-09-21 17:17:26','DELETE CONTACT - Delete contact under contact: Contact ID: 53'),(988,'denisovus','2016-09-21 17:17:31','CONTACT - Created contact: Contact ID: 59 | Name: Jill Ratnam'),(989,'Minyi1','2016-09-21 17:17:32','CONTACT - Created contact: Contact ID: 60 | Name: Rashiqa'),(990,'denisovus','2016-09-21 17:17:44','ADD EMAIL - Add email under contact: Contact ID: 59'),(991,'neanderthalis','2016-09-21 17:17:45','CONTACT - Created contact: Contact ID: 61 | Name: Christine Pelly'),(992,'denisovus','2016-09-21 17:17:54','ADD TEAM JOIN - Add team join under contact: Contact ID: 59'),(993,'debbie1','2016-09-21 17:17:56','CONTACT - Created contact: Contact ID: 62 | Name: Hana'),(994,'Minyi1','2016-09-21 17:17:59','CONTACT - Created contact: Contact ID: 63 | Name: Russell'),(995,'debbie1','2016-09-21 17:18:06','ADD EMAIL - Add email under contact: Contact ID: 62'),(996,'neanderthalis','2016-09-21 17:18:10','ADD EMAIL - Add email under contact: Contact ID: 61'),(997,'neanderthalis','2016-09-21 17:18:14','ADD TEAM JOIN - Add team join under contact: Contact ID: 61'),(998,'Minyi1','2016-09-21 17:18:16','ADD EMAIL - Add email under contact: Contact ID: 63'),(999,'Minyi1','2016-09-21 17:18:22','ADD TEAM JOIN - Add team join under contact: Contact ID: 63'),(1000,'admin1','2016-09-21 17:18:26','CONTACT - Created contact: Contact ID: 64 | Name: Marcus'),(1001,'admin1','2016-09-21 17:18:38','ADD TEAM JOIN - Add team join under contact: Contact ID: 64'),(1002,'admin1','2016-09-21 17:18:38','ADD TEAM JOIN - Add team join under contact: Contact ID: 64'),(1003,'admin1','2016-09-21 17:18:38','ADD TEAM JOIN - Add team join under contact: Contact ID: 64'),(1004,'admin1','2016-09-21 17:18:48','ADD EMAIL - Add email under contact: Contact ID: 64'),(1005,'Minyi1','2016-09-21 17:18:57','CONTACT - Created contact: Contact ID: 65 | Name: Test'),(1006,'sapiens','2016-09-21 17:19:01','UPDATE EMAIL - Update email under contact: Contact ID: 61'),(1007,'sapiens','2016-09-21 17:19:01','RESEND EMAIL VERIFICATION - Send email under contact: Contact ID: 36 | TO Contact ID: 61, christine.pelly@gmail.com'),(1008,'debbie1','2016-09-21 17:19:01','ADD TEAM JOIN - Add team join under contact: Contact ID: 62'),(1009,'debbie1','2016-09-21 17:19:01','ADD TEAM JOIN - Add team join under contact: Contact ID: 62'),(1010,'debbie1','2016-09-21 17:19:01','ADD TEAM JOIN - Add team join under contact: Contact ID: 62'),(1011,'Minyi1','2016-09-21 17:19:05','ADD TEAM JOIN - Add team join under contact: Contact ID: 65'),(1012,'admin1','2016-09-21 17:19:29','DELETE CONTACT - Delete contact under contact: Contact ID: 60'),(1013,'Minyi1','2016-09-21 17:19:31','CONTACT - Created contact: Contact ID: 66 | Name: Rashiqa'),(1014,'Minyi1','2016-09-21 17:19:41','ADD EMAIL - Add email under contact: Contact ID: 66'),(1015,'Minyi1','2016-09-21 17:19:48','ADD TEAM JOIN - Add team join under contact: Contact ID: 66'),(1016,'admin1','2016-09-21 17:20:00','UPDATE EMAIL - Update email under contact: Contact ID: 64'),(1017,'admin1','2016-09-21 17:20:00','RESEND EMAIL VERIFICATION - Send email under contact: Contact ID: 1 | TO Contact ID: 64, eatmarcus@gmail.com'),(1018,'sapiens','2016-09-21 17:20:02','RESEND EMAIL VERIFICATION - Send email under contact: Contact ID: 36 | TO Contact ID: 63, russell.heng@twc2.org.sg'),(1019,'sapiens','2016-09-21 17:20:02','UPDATE EMAIL - Update email under contact: Contact ID: 63'),(1020,'sapiens','2016-09-21 17:20:39','UPDATE EMAIL - Update email under contact: Contact ID: 66'),(1021,'sapiens','2016-09-21 17:20:39','RESEND EMAIL VERIFICATION - Send email under contact: Contact ID: 36 | TO Contact ID: 66, socialworker5@twc2.org.sg'),(1022,'admin1','2016-09-21 17:20:52','UPDATE CONTACT - Update Contact under contact: Contact ID: 64'),(1023,'marcus2','2016-09-21 17:21:02','LOGIN - Login into system'),(1024,'sapiens','2016-09-21 17:21:02','UPDATE CONTACT - Update Contact under contact: Contact ID: 61'),(1025,'sapiens','2016-09-21 17:21:30','UPDATE CONTACT - Update Contact under contact: Contact ID: 66'),(1026,'admin1','2016-09-21 17:21:47','UPDATE TEAM JOIN - Update team join under contact: Contact ID: 64'),(1027,'admin1','2016-09-21 17:21:54','UPDATE TEAM JOIN - Update team join under contact: Contact ID: 64'),(1028,'rashiqa2','2016-09-21 17:21:57','LOGIN - Login into system'),(1029,'admin1','2016-09-21 17:22:02','UPDATE TEAM JOIN - Update team join under contact: Contact ID: 64'),(1030,'rashiqa2','2016-09-21 17:22:20','UPDATE CONTACT - Update Contact under contact: Contact ID: 66'),(1031,'sapiens','2016-09-21 17:22:22','UPDATE EMAIL - Update email under contact: Contact ID: 62'),(1032,'sapiens','2016-09-21 17:22:22','RESEND EMAIL VERIFICATION - Send email under contact: Contact ID: 36 | TO Contact ID: 62, aux.verum@gmail.com'),(1033,'sapiens','2016-09-21 17:22:43','UPDATE CONTACT - Update Contact under contact: Contact ID: 63'),(1034,'debbie1','2016-09-21 17:22:45','JOIN EVENT - Join event under contact: Contact ID: 17 | Event ID: 6 | Event role ID: 8'),(1035,'christine2','2016-09-21 17:22:46','LOGIN - Login into system'),(1036,'marcus2','2016-09-21 17:22:51','LOGIN - Login into system'),(1037,'sapiens','2016-09-21 17:23:22','UPDATE CONTACT - Update Contact under contact: Contact ID: 62'),(1038,'admin1','2016-09-21 17:23:26','UPDATE EMAIL - Update email under contact: Contact ID: 59'),(1039,'admin1','2016-09-21 17:23:26','RESEND EMAIL VERIFICATION - Send email under contact: Contact ID: 1 | TO Contact ID: 59, jillratnam@hotmail.com'),(1040,'russell2','2016-09-21 17:23:33','LOGIN - Login into system'),(1041,'debbie1','2016-09-21 17:23:57','JOIN EVENT - Join event under contact: Contact ID: 17 | Event ID: 9 | Event role ID: 13'),(1042,'Hana2','2016-09-21 17:24:03','LOGIN - Login into system'),(1043,'russell2','2016-09-21 17:24:08','UPDATE CONTACT - Update Contact under contact: Contact ID: 63'),(1044,'sapiens','2016-09-21 17:24:57','UPDATE CONTACT - Update Contact under contact: Contact ID: 59'),(1045,'marcus2','2016-09-21 17:25:09','ADD EVENT - Add event under contact: Contact ID: 64 | Event ID: 148'),(1046,'marcus2','2016-09-21 17:25:19','ADD EVENT ROLES - Add event roles under contact: Contact ID: 64 | Event ID: 148'),(1047,'marcus2','2016-09-21 17:25:23','ADD TEAM AFFILIATION IN EVENT - Add Team Affiliation in event under contact: Contact ID: 64 | Event ID: 148'),(1048,'marcus2','2016-09-21 17:26:35','JOIN EVENT - Join event under contact: Contact ID: 64 | Event ID: 148 | Event role ID: 174'),(1049,'christine2','2016-09-21 17:26:52','JOIN EVENT - Join event under contact: Contact ID: 61 | Event ID: 146 | Event role ID: 169'),(1050,'marcus2','2016-09-21 17:26:53','LEAVE EVENT ROLES - Leave event roles under contact: Contact ID: 64 | Event Role ID: 174'),(1051,'Hana2','2016-09-21 17:26:54','JOIN EVENT - Join event under contact: Contact ID: 62 | Event ID: 146 | Event role ID: 169'),(1052,'jill2','2016-09-21 17:26:56','LOGIN - Login into system'),(1053,'russell2','2016-09-21 17:27:00','JOIN EVENT - Join event under contact: Contact ID: 63 | Event ID: 146 | Event role ID: 169'),(1054,'marcus2','2016-09-21 17:27:10','JOIN EVENT - Join event under contact: Contact ID: 64 | Event ID: 148 | Event role ID: 174'),(1055,'rashiqa2','2016-09-21 17:27:19','JOIN EVENT - Join event under contact: Contact ID: 66 | Event ID: 146 | Event role ID: 169'),(1056,'marcus2','2016-09-21 17:27:46','UPDATE CONTACT - Update contact under contact: Contact ID: 64'),(1057,'marcus2','2016-09-21 17:27:51','UPDATE CONTACT - Update contact under contact: Contact ID: 64'),(1058,'marcus2','2016-09-21 17:28:11','ADD PHONE - Add phone held under contact: Contact ID: 64'),(1059,'Minyi1','2016-09-21 17:28:56','UPDATE TEAM JOIN - Update team join under contact: Contact ID: 66'),(1060,'neanderthalis','2016-09-21 17:29:01','UPDATE TEAM JOIN - Update team join under contact: Contact ID: 61'),(1061,'denisovus','2016-09-21 17:29:02','UPDATE TEAM JOIN - Update team join under contact: Contact ID: 59'),(1062,'Minyi1','2016-09-21 17:29:21','UPDATE TEAM JOIN - Update team join under contact: Contact ID: 63'),(1063,'debbie1','2016-09-21 17:29:23','UPDATE TEAM JOIN - Update team join under contact: Contact ID: 62'),(1064,'jill2','2016-09-21 17:29:33','JOIN EVENT - Join event under contact: Contact ID: 59 | Event ID: 146 | Event role ID: 169'),(1065,'rashiqa2','2016-09-21 17:29:51','LOGIN - Login into system'),(1066,'christine2','2016-09-21 17:29:54','LOGIN - Login into system'),(1067,'Hana2','2016-09-21 17:30:01','LOGIN - Login into system'),(1068,'russell2','2016-09-21 17:30:08','LOGIN - Login into system'),(1069,'jill2','2016-09-21 17:30:13','LOGIN - Login into system'),(1070,'Minyi1','2016-09-21 17:31:04','JOIN EVENT - Join event under contact: Contact ID: 19 | Event ID: 148 | Event role ID: 174'),(1071,'Hana2','2016-09-21 17:31:08','JOIN EVENT - Join event under contact: Contact ID: 62 | Event ID: 148 | Event role ID: 174'),(1072,'rashiqa2','2016-09-21 17:31:23','JOIN EVENT - Join event under contact: Contact ID: 66 | Event ID: 148 | Event role ID: 174'),(1073,'christine2','2016-09-21 17:31:34','JOIN EVENT - Join event under contact: Contact ID: 61 | Event ID: 148 | Event role ID: 174'),(1074,'neanderthalis','2016-09-21 17:31:43','JOIN EVENT - Join event under contact: Contact ID: 47 | Event ID: 148 | Event role ID: 174'),(1075,'denisovus','2016-09-21 17:31:47','JOIN EVENT - Join event under contact: Contact ID: 48 | Event ID: 148 | Event role ID: 174'),(1076,'russell2','2016-09-21 17:32:03','JOIN EVENT - Join event under contact: Contact ID: 63 | Event ID: 148 | Event role ID: 174'),(1077,'debbie1','2016-09-21 17:32:28','LEAVE EVENT ROLES - Leave event roles under contact: Contact ID: 64 | Event Role ID: 174'),(1078,'neanderthalis','2016-09-21 17:32:36','LEAVE EVENT ROLES - Leave event roles under contact: Contact ID: 19 | Event Role ID: 174'),(1079,'jill2','2016-09-21 17:32:45','JOIN EVENT - Join event under contact: Contact ID: 59 | Event ID: 148 | Event role ID: 174'),(1080,'Hana2','2016-09-21 17:33:20','LOGIN - Login into system'),(1081,'neanderthalis','2016-09-21 17:35:28','LEAVE EVENT ROLES - Leave event roles under contact: Contact ID: 66 | Event Role ID: 174'),(1082,'rashiqa2','2016-09-21 17:35:45','LEAVE EVENT ROLES - Leave event roles under contact: Contact ID: 66 | Event Role ID: 174'),(1083,'neanderthalis','2016-09-21 17:35:46','LEAVE EVENT ROLES - Leave event roles under contact: Contact ID: 47 | Event Role ID: 174'),(1084,'denisovus','2016-09-21 17:35:48','LEAVE EVENT ROLES - Leave event roles under contact: Contact ID: 48 | Event Role ID: 174'),(1085,'christine2','2016-09-21 17:36:13','LEAVE EVENT ROLES - Leave event roles under contact: Contact ID: 61 | Event Role ID: 174'),(1086,'admin1','2016-09-21 17:36:34','LEAVE EVENT ROLES - Leave event roles under contact: Contact ID: 63 | Event Role ID: 174'),(1087,'jill2','2016-09-21 17:37:53','LOGIN - Login into system'),(1088,'admin1','2016-09-21 17:37:58','LOGIN - Login into system'),(1089,'russell2','2016-09-21 17:38:28','JOIN EVENT - Join event under contact: Contact ID: 63 | Event ID: 148 | Event role ID: 174'),(1090,'rashiqa2','2016-09-21 17:38:33','JOIN EVENT - Join event under contact: Contact ID: 66 | Event ID: 147 | Event role ID: 170'),(1091,'admin1','2016-09-21 17:38:55','LEAVE EVENT ROLES - Leave event roles under contact: Contact ID: 63 | Event Role ID: 174'),(1092,'neanderthalis','2016-09-21 17:39:11','LEAVE EVENT ROLES - Leave event roles under contact: Contact ID: 47 | Event Role ID: 161'),(1093,'christine2','2016-09-21 17:40:01','JOIN EVENT - Join event under contact: Contact ID: 61 | Event ID: 137 | Event role ID: 149'),(1094,'christine2','2016-09-21 17:40:49','JOIN EVENT - Join event under contact: Contact ID: 61 | Event ID: 138 | Event role ID: 151'),(1095,'Hana2','2016-09-21 17:41:35','LOGIN - Login into system'),(1096,'Minyi1','2016-09-21 17:41:54','ADD EVENT - Add event under contact: Contact ID: 19 | Event ID: 149'),(1097,'denisovus','2016-09-21 17:42:09','ADD EVENT - Add event under contact: Contact ID: 48 | Event ID: 150'),(1098,'christine2','2016-09-21 17:42:13','JOIN EVENT - Join event under contact: Contact ID: 61 | Event ID: 139 | Event role ID: 157'),(1099,'Minyi1','2016-09-21 17:42:45','ADD EVENT ROLES - Add event roles under contact: Contact ID: 19 | Event ID: 149'),(1100,'neanderthalis','2016-09-21 17:42:48','ADD EVENT - Add event under contact: Contact ID: 47 | Event ID: 151'),(1101,'Minyi1','2016-09-21 17:42:51','ADD TEAM AFFILIATION IN EVENT - Add Team Affiliation in event under contact: Contact ID: 19 | Event ID: 149'),(1102,'Minyi1','2016-09-21 17:43:14','UPDATE TEAM JOIN - Update team join under contact: Contact ID: 66'),(1103,'denisovus','2016-09-21 17:43:29','UPDATE TEAM JOIN - Update team join under contact: Contact ID: 59'),(1104,'Minyi1','2016-09-21 17:43:32','UPDATE TEAM JOIN - Update team join under contact: Contact ID: 63'),(1105,'debbie1','2016-09-21 17:43:35','UPDATE TEAM JOIN - Update team join under contact: Contact ID: 62'),(1106,'rashiqa2','2016-09-21 17:43:36','LOGIN - Login into system'),(1107,'Hana2','2016-09-21 17:43:47','LOGIN - Login into system'),(1108,'neanderthalis','2016-09-21 17:43:50','UPDATE TEAM JOIN - Update team join under contact: Contact ID: 61'),(1109,'jill2','2016-09-21 17:43:53','LOGIN - Login into system'),(1110,'christine2','2016-09-21 17:44:06','LOGIN - Login into system'),(1111,'Minyi1','2016-09-21 17:44:14','UPDATE EVENT - Update event under contact: Contact ID: 19 | Event ID: 149'),(1112,'russell2','2016-09-21 17:44:18','LOGIN - Login into system'),(1113,'neanderthalis','2016-09-21 17:44:24','UPDATE TEAM JOIN - Update team join under contact: Contact ID: 61'),(1114,'christine2','2016-09-21 17:45:03','LOGIN - Login into system'),(1115,'Hana2','2016-09-21 17:45:13','ADD EVENT - Add event under contact: Contact ID: 62 | Event ID: 152'),(1116,'debbie1','2016-09-21 17:45:29','JOIN EVENT - Join event under contact: Contact ID: 17 | Event ID: 149 | Event role ID: 177'),(1117,'Hana2','2016-09-21 17:45:46','ADD EVENT ROLES - Add event roles under contact: Contact ID: 62 | Event ID: 152'),(1118,'rashiqa2','2016-09-21 17:46:04','ADD EVENT - Add event under contact: Contact ID: 66 | Event ID: 153'),(1119,'rashiqa2','2016-09-21 17:46:34','ADD EVENT ROLES - Add event roles under contact: Contact ID: 66 | Event ID: 153'),(1120,'rashiqa2','2016-09-21 17:47:03','ADD TEAM AFFILIATION IN EVENT - Add Team Affiliation in event under contact: Contact ID: 66 | Event ID: 153'),(1121,'rashiqa2','2016-09-21 17:50:38','JOIN EVENT - Join event under contact: Contact ID: 66 | Event ID: 149 | Event role ID: 176'),(1122,'Minyi1','2016-09-21 17:53:24','UPDATE EVENT ROLES - Update event roles under contact: Contact ID: 19 | Event ID: 149'),(1123,'Minyi1','2016-09-21 17:53:24','UPDATE EVENT - Update event under contact: Contact ID: 19 | Event ID: 149'),(1124,'Minyi1','2016-09-21 17:59:00','UPDATE EVENT - Update event under contact: Contact ID: 19 | Event ID: 149'),(1125,'marcus2','2016-09-21 17:59:07','ADD EVENT - Add event under contact: Contact ID: 64 | Event ID: 154'),(1126,'Hana2','2016-09-21 17:59:12','ADD TEAM AFFILIATION IN EVENT - Add Team Affiliation in event under contact: Contact ID: 62 | Event ID: 152'),(1127,'marcus2','2016-09-21 17:59:36','ADD EVENT ROLES - Add event roles under contact: Contact ID: 64 | Event ID: 154'),(1128,'marcus2','2016-09-21 17:59:36','ADD EVENT ROLES - Add event roles under contact: Contact ID: 64 | Event ID: 155'),(1129,'marcus2','2016-09-21 17:59:36','ADD EVENT ROLES - Add event roles under contact: Contact ID: 64 | Event ID: 156'),(1130,'marcus2','2016-09-21 17:59:36','ADD EVENT ROLES - Add event roles under contact: Contact ID: 64 | Event ID: 157'),(1131,'marcus2','2016-09-21 17:59:39','ADD TEAM AFFILIATION IN EVENT - Add Team Affiliation in event under contact: Contact ID: 64 | Event ID: 154'),(1132,'marcus2','2016-09-21 17:59:39','ADD TEAM AFFILIATION IN EVENT - Add Team Affiliation in event under contact: Contact ID: 64 | Event ID: 155'),(1133,'marcus2','2016-09-21 17:59:39','ADD TEAM AFFILIATION IN EVENT - Add Team Affiliation in event under contact: Contact ID: 64 | Event ID: 156'),(1134,'marcus2','2016-09-21 17:59:39','ADD TEAM AFFILIATION IN EVENT - Add Team Affiliation in event under contact: Contact ID: 64 | Event ID: 157'),(1135,'admin1','2016-09-21 18:00:01','ADD EVENT - Add event under contact: Contact ID: 1 | Event ID: 158'),(1136,'marcus2','2016-09-21 18:00:14','ADD EVENT - Add event under contact: Contact ID: 64 | Event ID: 161'),(1137,'marcus2','2016-09-21 18:00:29','ADD EVENT ROLES - Add event roles under contact: Contact ID: 64 | Event ID: 161'),(1138,'marcus2','2016-09-21 18:00:29','ADD EVENT ROLES - Add event roles under contact: Contact ID: 64 | Event ID: 162'),(1139,'marcus2','2016-09-21 18:00:29','ADD EVENT ROLES - Add event roles under contact: Contact ID: 64 | Event ID: 163'),(1140,'marcus2','2016-09-21 18:00:32','ADD TEAM AFFILIATION IN EVENT - Add Team Affiliation in event under contact: Contact ID: 64 | Event ID: 161'),(1141,'marcus2','2016-09-21 18:00:32','ADD TEAM AFFILIATION IN EVENT - Add Team Affiliation in event under contact: Contact ID: 64 | Event ID: 162'),(1142,'marcus2','2016-09-21 18:00:32','ADD TEAM AFFILIATION IN EVENT - Add Team Affiliation in event under contact: Contact ID: 64 | Event ID: 163'),(1143,'admin1','2016-09-21 18:00:48','LOGIN - Login into system'),(1144,'Hana2','2016-09-21 18:01:15','ADD EVENT - Add event under contact: Contact ID: 62 | Event ID: 164'),(1145,'Hana2','2016-09-21 18:01:26','ADD EVENT ROLES - Add event roles under contact: Contact ID: 62 | Event ID: 164'),(1146,'Hana2','2016-09-21 18:01:28','ADD TEAM AFFILIATION IN EVENT - Add Team Affiliation in event under contact: Contact ID: 62 | Event ID: 164'),(1147,'Minyi1','2016-09-21 18:01:46','ADD EVENT - Add event under contact: Contact ID: 19 | Event ID: 165'),(1148,'Minyi1','2016-09-21 18:01:55','ADD EVENT ROLES - Add event roles under contact: Contact ID: 19 | Event ID: 165'),(1149,'Minyi1','2016-09-21 18:01:59','ADD TEAM AFFILIATION IN EVENT - Add Team Affiliation in event under contact: Contact ID: 19 | Event ID: 165'),(1150,'rashiqa2','2016-09-21 18:02:32','ADD EVENT - Add event under contact: Contact ID: 66 | Event ID: 166'),(1151,'debbie1','2016-09-21 18:02:41','ADD EVENT - Add event under contact: Contact ID: 17 | Event ID: 170'),(1152,'Minyi1','2016-09-21 18:02:50','ADD EVENT - Add event under contact: Contact ID: 19 | Event ID: 171'),(1153,'Minyi1','2016-09-21 18:02:55','ADD EVENT ROLES - Add event roles under contact: Contact ID: 19 | Event ID: 171'),(1154,'rashiqa2','2016-09-21 18:02:57','ADD EVENT ROLES - Add event roles under contact: Contact ID: 66 | Event ID: 166'),(1155,'rashiqa2','2016-09-21 18:02:57','ADD EVENT ROLES - Add event roles under contact: Contact ID: 66 | Event ID: 167'),(1156,'rashiqa2','2016-09-21 18:02:57','ADD EVENT ROLES - Add event roles under contact: Contact ID: 66 | Event ID: 168'),(1157,'rashiqa2','2016-09-21 18:02:57','ADD EVENT ROLES - Add event roles under contact: Contact ID: 66 | Event ID: 169'),(1158,'Minyi1','2016-09-21 18:02:57','ADD TEAM AFFILIATION IN EVENT - Add Team Affiliation in event under contact: Contact ID: 19 | Event ID: 171'),(1159,'rashiqa2','2016-09-21 18:03:09','ADD TEAM AFFILIATION IN EVENT - Add Team Affiliation in event under contact: Contact ID: 66 | Event ID: 166'),(1160,'rashiqa2','2016-09-21 18:03:09','ADD TEAM AFFILIATION IN EVENT - Add Team Affiliation in event under contact: Contact ID: 66 | Event ID: 167'),(1161,'rashiqa2','2016-09-21 18:03:09','ADD TEAM AFFILIATION IN EVENT - Add Team Affiliation in event under contact: Contact ID: 66 | Event ID: 168'),(1162,'rashiqa2','2016-09-21 18:03:09','ADD TEAM AFFILIATION IN EVENT - Add Team Affiliation in event under contact: Contact ID: 66 | Event ID: 169'),(1163,'russell2','2016-09-21 18:03:33','ADD EVENT - Add event under contact: Contact ID: 63 | Event ID: 172'),(1164,'neanderthalis','2016-09-21 18:03:45','ADD EVENT - Add event under contact: Contact ID: 47 | Event ID: 173'),(1165,'neanderthalis','2016-09-21 18:04:03','ADD EVENT ROLES - Add event roles under contact: Contact ID: 47 | Event ID: 173'),(1166,'neanderthalis','2016-09-21 18:04:09','ADD TEAM AFFILIATION IN EVENT - Add Team Affiliation in event under contact: Contact ID: 47 | Event ID: 173'),(1167,'neanderthalis','2016-09-21 18:04:34','JOIN EVENT - Join event under contact: Contact ID: 47 | Event ID: 173 | Event role ID: 195'),(1168,'admin1','2016-09-21 18:05:39','ADD EVENT - Add event under contact: Contact ID: 1 | Event ID: 174'),(1169,'admin1','2016-09-21 18:06:38','ADD EVENT ROLES - Add event roles under contact: Contact ID: 1 | Event ID: 158'),(1170,'admin1','2016-09-21 18:06:38','ADD EVENT ROLES - Add event roles under contact: Contact ID: 1 | Event ID: 159'),(1171,'admin1','2016-09-21 18:06:38','ADD EVENT ROLES - Add event roles under contact: Contact ID: 1 | Event ID: 160'),(1172,'admin1','2016-09-21 18:06:43','ADD TEAM AFFILIATION IN EVENT - Add Team Affiliation in event under contact: Contact ID: 1 | Event ID: 174'),(1173,'admin1','2016-09-21 18:06:43','ADD TEAM AFFILIATION IN EVENT - Add Team Affiliation in event under contact: Contact ID: 1 | Event ID: 175'),(1174,'admin1','2016-09-21 18:06:43','ADD TEAM AFFILIATION IN EVENT - Add Team Affiliation in event under contact: Contact ID: 1 | Event ID: 176'),(1175,'admin1','2016-09-21 18:06:43','ADD TEAM AFFILIATION IN EVENT - Add Team Affiliation in event under contact: Contact ID: 1 | Event ID: 177'),(1176,'denisovus','2016-09-21 18:06:49','ADD EVENT - Add event under contact: Contact ID: 48 | Event ID: 178'),(1177,'christine2','2016-09-21 18:06:57','ADD EVENT - Add event under contact: Contact ID: 61 | Event ID: 179'),(1178,'denisovus','2016-09-21 18:07:27','ADD EVENT ROLES - Add event roles under contact: Contact ID: 48 | Event ID: 178'),(1179,'denisovus','2016-09-21 18:07:31','ADD TEAM AFFILIATION IN EVENT - Add Team Affiliation in event under contact: Contact ID: 48 | Event ID: 178'),(1180,'christine2','2016-09-21 18:08:44','ADD EVENT ROLES - Add event roles under contact: Contact ID: 61 | Event ID: 179'),(1181,'christine2','2016-09-21 18:08:44','ADD EVENT ROLES - Add event roles under contact: Contact ID: 61 | Event ID: 180'),(1182,'christine2','2016-09-21 18:08:44','ADD EVENT ROLES - Add event roles under contact: Contact ID: 61 | Event ID: 181'),(1183,'christine2','2016-09-21 18:08:44','ADD EVENT ROLES - Add event roles under contact: Contact ID: 61 | Event ID: 182'),(1184,'christine2','2016-09-21 18:08:44','ADD EVENT ROLES - Add event roles under contact: Contact ID: 61 | Event ID: 183'),(1185,'christine2','2016-09-21 18:08:44','ADD EVENT ROLES - Add event roles under contact: Contact ID: 61 | Event ID: 184'),(1186,'christine2','2016-09-21 18:08:44','ADD EVENT ROLES - Add event roles under contact: Contact ID: 61 | Event ID: 185'),(1187,'christine2','2016-09-21 18:08:44','ADD EVENT ROLES - Add event roles under contact: Contact ID: 61 | Event ID: 186'),(1188,'christine2','2016-09-21 18:08:44','ADD EVENT ROLES - Add event roles under contact: Contact ID: 61 | Event ID: 187'),(1189,'christine2','2016-09-21 18:08:44','ADD EVENT ROLES - Add event roles under contact: Contact ID: 61 | Event ID: 188'),(1190,'christine2','2016-09-21 18:08:44','ADD EVENT ROLES - Add event roles under contact: Contact ID: 61 | Event ID: 189'),(1191,'christine2','2016-09-21 18:08:44','ADD EVENT ROLES - Add event roles under contact: Contact ID: 61 | Event ID: 190'),(1192,'christine2','2016-09-21 18:09:59','ADD TEAM AFFILIATION IN EVENT - Add Team Affiliation in event under contact: Contact ID: 61 | Event ID: 179'),(1193,'christine2','2016-09-21 18:09:59','ADD TEAM AFFILIATION IN EVENT - Add Team Affiliation in event under contact: Contact ID: 61 | Event ID: 180'),(1194,'christine2','2016-09-21 18:09:59','ADD TEAM AFFILIATION IN EVENT - Add Team Affiliation in event under contact: Contact ID: 61 | Event ID: 181'),(1195,'christine2','2016-09-21 18:09:59','ADD TEAM AFFILIATION IN EVENT - Add Team Affiliation in event under contact: Contact ID: 61 | Event ID: 182'),(1196,'christine2','2016-09-21 18:09:59','ADD TEAM AFFILIATION IN EVENT - Add Team Affiliation in event under contact: Contact ID: 61 | Event ID: 183'),(1197,'christine2','2016-09-21 18:09:59','ADD TEAM AFFILIATION IN EVENT - Add Team Affiliation in event under contact: Contact ID: 61 | Event ID: 184'),(1198,'christine2','2016-09-21 18:09:59','ADD TEAM AFFILIATION IN EVENT - Add Team Affiliation in event under contact: Contact ID: 61 | Event ID: 185'),(1199,'christine2','2016-09-21 18:09:59','ADD TEAM AFFILIATION IN EVENT - Add Team Affiliation in event under contact: Contact ID: 61 | Event ID: 186'),(1200,'christine2','2016-09-21 18:09:59','ADD TEAM AFFILIATION IN EVENT - Add Team Affiliation in event under contact: Contact ID: 61 | Event ID: 187'),(1201,'christine2','2016-09-21 18:09:59','ADD TEAM AFFILIATION IN EVENT - Add Team Affiliation in event under contact: Contact ID: 61 | Event ID: 188'),(1202,'christine2','2016-09-21 18:09:59','ADD TEAM AFFILIATION IN EVENT - Add Team Affiliation in event under contact: Contact ID: 61 | Event ID: 189'),(1203,'christine2','2016-09-21 18:09:59','ADD TEAM AFFILIATION IN EVENT - Add Team Affiliation in event under contact: Contact ID: 61 | Event ID: 190'),(1204,'debbie1','2016-09-21 18:10:04','UPDATE EVENT ROLES - Update event roles under contact: Contact ID: 17 | Event ID: 170'),(1205,'debbie1','2016-09-21 18:10:04','UPDATE EVENT - Update event under contact: Contact ID: 17 | Event ID: 170'),(1206,'admin1','2016-09-21 18:10:07','UPDATE TEAM AFFILIATION IN EVENT - Update Team Affiliation in event under contact: Contact ID: 1 | Event ID: 172'),(1207,'admin1','2016-09-21 18:10:07','UPDATE EVENT - Update event under contact: Contact ID: 1 | Event ID: 172'),(1208,'debbie1','2016-09-21 18:10:29','UPDATE TEAM AFFILIATION IN EVENT - Update Team Affiliation in event under contact: Contact ID: 17 | Event ID: 170'),(1209,'debbie1','2016-09-21 18:10:29','UPDATE EVENT - Update event under contact: Contact ID: 17 | Event ID: 170'),(1210,'debbie1','2016-09-21 18:10:51','UPDATE EVENT - Update event under contact: Contact ID: 17 | Event ID: 170'),(1211,'debbie1','2016-09-21 18:10:59','UPDATE EVENT ROLES - Update event roles under contact: Contact ID: 17 | Event ID: 170'),(1212,'debbie1','2016-09-21 18:10:59','UPDATE EVENT - Update event under contact: Contact ID: 17 | Event ID: 170'),(1213,'rashiqa2','2016-09-21 18:11:35','JOIN EVENT - Join event under contact: Contact ID: 66 | Event ID: 179 | Event role ID: 203'),(1214,'denisovus','2016-09-21 18:11:37','JOIN EVENT - Join event under contact: Contact ID: 48 | Event ID: 179 | Event role ID: 203'),(1215,'Minyi1','2016-09-21 18:11:48','JOIN EVENT - Join event under contact: Contact ID: 19 | Event ID: 179 | Event role ID: 202'),(1216,'debbie1','2016-09-21 18:11:54','JOIN EVENT - Join event under contact: Contact ID: 17 | Event ID: 170 | Event role ID: 248'),(1217,'russell2','2016-09-21 18:12:05','UPDATE EVENT ROLES - Update event roles under contact: Contact ID: 63 | Event ID: 172'),(1218,'russell2','2016-09-21 18:12:05','UPDATE EVENT - Update event under contact: Contact ID: 63 | Event ID: 172'),(1219,'rashiqa2','2016-09-21 18:12:11','LEAVE EVENT ROLES - Leave event roles under contact: Contact ID: 48 | Event Role ID: 203'),(1220,'neanderthalis','2016-09-21 18:12:14','JOIN EVENT - Join event under contact: Contact ID: 47 | Event ID: 179 | Event role ID: 203'),(1221,'neanderthalis','2016-09-21 18:12:59','LEAVE EVENT ROLES - Leave event roles under contact: Contact ID: 19 | Event Role ID: 202'),(1222,'neanderthalis','2016-09-21 18:13:26','LEAVE EVENT ROLES - Leave event roles under contact: Contact ID: 66 | Event Role ID: 203'),(1223,'neanderthalis','2016-09-21 18:13:47','LEAVE EVENT ROLES - Leave event roles under contact: Contact ID: 47 | Event Role ID: 203'),(1224,'rashiqa2','2016-09-21 18:14:19','JOIN EVENT - Join event under contact: Contact ID: 66 | Event ID: 172 | Event role ID: 250'),(1225,'rashiqa2','2016-09-21 18:16:57','DELETE EVENT - Delete event under contact: Contact ID: 66'),(1226,'debbie1','2016-09-21 18:17:37','UPDATE EVENT ROLES - Update event roles under contact: Contact ID: 17 | Event ID: 170'),(1227,'debbie1','2016-09-21 18:17:37','UPDATE EVENT - Update event under contact: Contact ID: 17 | Event ID: 170'),(1228,'debbie1','2016-09-21 18:18:14','UPDATE EVENT - Update event under contact: Contact ID: 17 | Event ID: 170'),(1229,'debbie1','2016-09-21 18:20:43','LOGIN - Login into system'),(1230,'Jill2','2016-09-21 18:22:54','LOGIN - Login into system'),(1231,'jill2','2016-09-21 18:25:12','LOGIN - Login into system'),(1232,'minyi1','2016-09-21 20:40:09','LOGIN - Login into system'),(1233,'admin1','2016-09-21 21:06:11','LOGIN - Login into system'),(1234,'admin1','2016-09-21 21:07:06','LEAVE EVENT ROLES - Leave event roles under contact: Contact ID: 1 | Event Role ID: 136'),(1235,'admin1','2016-09-21 21:29:28','LOGIN - Login into system'),(1236,'admin1','2016-09-21 21:38:06','AUDIT LOG - Access into audit log'),(1237,'admin1','2016-09-21 22:37:42','LOGIN - Login into system'),(1238,'admin1','2016-09-21 22:38:24','UPDATE TEAM AFFILIATION IN EVENT - Update Team Affiliation in event under contact: Contact ID: 1 | Event ID: 144'),(1239,'admin1','2016-09-21 22:38:24','UPDATE EVENT - Update event under contact: Contact ID: 1 | Event ID: 144'),(1240,'admin1','2016-09-21 22:38:33','JOIN EVENT - Join event under contact: Contact ID: 1 | Event ID: 144 | Event role ID: 165'),(1241,'admin1','2016-09-21 22:38:45','LEAVE EVENT ROLES - Leave event roles under contact: Contact ID: 1 | Event Role ID: 165'),(1242,'admin1','2016-09-21 22:39:35','LOGIN - Login into system'),(1243,'admin1','2016-09-21 23:46:18','LOGIN - Login into system'),(1244,'admin1','2016-09-22 09:24:11','LOGIN - Login into system'),(1245,'admin1','2016-09-22 09:24:58','LOGIN - Login into system'),(1246,'minyi1','2016-09-22 12:57:07','LOGIN - Login into system'),(1247,'rashiqa2','2016-09-22 12:58:08','LOGIN - Login into system'),(1248,'rashiqa2','2016-09-22 13:00:14','LOGIN - Login into system'),(1249,'rashiqa2','2016-09-22 13:03:26','LOGIN - Login into system'),(1250,'minyi1','2016-09-22 13:08:07','LOGIN - Login into system'),(1251,'rashiqa2','2016-09-22 13:10:22','DELETE EVENT - Delete event under contact: Contact ID: 66'),(1252,'minyi1','2016-09-22 13:13:08','LOGIN - Login into system'),(1253,'rashiqa2','2016-09-22 13:29:38','LEAVE EVENT ROLES - Leave event roles under contact: Contact ID: 66 | Event Role ID: 176'),(1254,'neanderthalis','2016-09-22 14:07:37','LOGIN - Login into system'),(1255,'neanderthalis','2016-09-22 14:08:29','CONTACT - Created contact: Contact ID: 67 | Name: Gayathri'),(1256,'minyi1','2016-09-22 16:03:44','LOGIN - Login into system'),(1257,'sapiens','2016-09-22 17:07:37','LOGIN - Login into system'),(1258,'sapiens','2016-09-22 17:09:34','CONTACT - Created contact: Contact ID: 68 | Name: Santa Claus'),(1259,'sapiens','2016-09-22 17:10:05','ADD PHONE - Add phone held under contact: Contact ID: 68'),(1260,'sapiens','2016-09-22 17:10:20','ADD EMAIL - Add email under contact: Contact ID: 68'),(1261,'sapiens','2016-09-22 17:10:57','ADD ADDRESS - Add address under contact: Contact ID: 68'),(1262,'sapiens','2016-09-22 17:11:15','ADD TEAM JOIN - Add team join under contact: Contact ID: 68'),(1263,'sapiens','2016-09-22 17:11:15','ADD TEAM JOIN - Add team join under contact: Contact ID: 68'),(1264,'sapiens','2016-09-22 17:11:23','ADD LANGUAGE - Add language under contact: Contact ID: 68'),(1265,'sapiens','2016-09-22 17:11:32','ADD LANGUAGE - Add language under contact: Contact ID: 68'),(1266,'sapiens','2016-09-22 17:11:49','ADD LANGUAGE - Add language under contact: Contact ID: 68'),(1267,'sapiens','2016-09-22 17:15:23','UPDATE TEAM AFFILIATION IN EVENT - Update Team Affiliation in event under contact: Contact ID: 36 | Event ID: 8'),(1268,'sapiens','2016-09-22 17:15:23','UPDATE EVENT - Update event under contact: Contact ID: 36 | Event ID: 8'),(1269,'sapiens','2016-09-22 17:15:49','UPDATE TEAM AFFILIATION IN EVENT - Update Team Affiliation in event under contact: Contact ID: 36 | Event ID: 6'),(1270,'sapiens','2016-09-22 17:15:49','UPDATE EVENT - Update event under contact: Contact ID: 36 | Event ID: 6'),(1271,'sapiens','2016-09-22 17:16:22','UPDATE TEAM AFFILIATION IN EVENT - Update Team Affiliation in event under contact: Contact ID: 36 | Event ID: 149'),(1272,'sapiens','2016-09-22 17:16:22','UPDATE EVENT - Update event under contact: Contact ID: 36 | Event ID: 149'),(1273,'sapiens','2016-09-22 17:16:50','UPDATE TEAM AFFILIATION IN EVENT - Update Team Affiliation in event under contact: Contact ID: 36 | Event ID: 39'),(1274,'sapiens','2016-09-22 17:16:50','UPDATE EVENT - Update event under contact: Contact ID: 36 | Event ID: 39'),(1275,'sapiens','2016-09-22 17:17:17','UPDATE TEAM AFFILIATION IN EVENT - Update Team Affiliation in event under contact: Contact ID: 36 | Event ID: 165'),(1276,'sapiens','2016-09-22 17:17:17','UPDATE EVENT - Update event under contact: Contact ID: 36 | Event ID: 165'),(1277,'sapiens','2016-09-22 17:18:50','ADD EVENT - Add event under contact: Contact ID: 36 | Event ID: 191'),(1278,'sapiens','2016-09-22 17:20:51','UPDATE TEAM AFFILIATION IN EVENT - Update Team Affiliation in event under contact: Contact ID: 36 | Event ID: 7'),(1279,'sapiens','2016-09-22 17:20:51','UPDATE EVENT - Update event under contact: Contact ID: 36 | Event ID: 7'),(1280,'sapiens','2016-09-22 17:21:22','UPDATE TEAM AFFILIATION IN EVENT - Update Team Affiliation in event under contact: Contact ID: 36 | Event ID: 9'),(1281,'sapiens','2016-09-22 17:21:22','UPDATE EVENT - Update event under contact: Contact ID: 36 | Event ID: 9'),(1282,'sapiens','2016-09-22 17:22:40','UPDATE EMAIL - Update email under contact: Contact ID: 68'),(1283,'sapiens','2016-09-22 17:22:40','RESEND EMAIL VERIFICATION - Send email under contact: Contact ID: 36 | TO Contact ID: 68, accountsofficer@twc2.org.sg'),(1284,'sapiens','2016-09-22 17:24:08','UPDATE CONTACT - Update Contact under contact: Contact ID: 68'),(1285,'sapiens','2016-09-22 17:25:43','UPDATE TEAM JOIN - Update team join under contact: Contact ID: 68'),(1286,'santaclaus','2016-09-22 17:27:02','LOGIN - Login into system'),(1287,'santaclaus','2016-09-22 17:30:43','JOIN EVENT - Join event under contact: Contact ID: 68 | Event ID: 14 | Event role ID: 18'),(1288,'santaclaus','2016-09-22 18:47:59','LOGIN - Login into system'),(1289,'minyi1','2016-09-22 18:53:17','LOGIN - Login into system'),(1290,'minyi1','2016-09-22 18:53:43','LEAVE EVENT ROLES - Leave event roles under contact: Contact ID: 68 | Event Role ID: 18'),(1291,'santaclaus','2016-09-22 18:55:03','JOIN EVENT - Join event under contact: Contact ID: 68 | Event ID: 14 | Event role ID: 18'),(1292,'santaclaus','2016-09-22 18:55:52','LEAVE EVENT ROLES - Leave event roles under contact: Contact ID: 68 | Event Role ID: 18'),(1293,'santaclaus','2016-09-22 19:03:00','LOGIN - Login into system'),(1294,'santaclaus','2016-09-22 19:08:25','JOIN EVENT - Join event under contact: Contact ID: 68 | Event ID: 14 | Event role ID: 18'),(1295,'santaclaus','2016-09-22 19:08:58','LEAVE EVENT ROLES - Leave event roles under contact: Contact ID: 68 | Event Role ID: 18'),(1296,'santaclaus','2016-09-22 19:17:19','LOGIN - Login into system'),(1297,'santaclaus','2016-09-22 19:28:45','JOIN EVENT - Join event under contact: Contact ID: 68 | Event ID: 60 | Event role ID: 47'),(1298,'santaclaus','2016-09-22 19:29:19','LEAVE EVENT ROLES - Leave event roles under contact: Contact ID: 68 | Event Role ID: 47'),(1299,'admin1','2016-09-22 20:03:04','LOGIN - Login into system'),(1300,'santaclaus','2016-09-22 20:07:13','LOGIN - Login into system'),(1301,'santaclaus','2016-09-22 20:14:39','LOGIN - Login into system'),(1302,'santaclaus','2016-09-22 20:30:35','LOGIN - Login into system'),(1303,'santaclaus','2016-09-22 22:35:32','LOGIN - Login into system'),(1304,'admin1','2016-09-22 22:57:53','LOGIN - Login into system'),(1305,'santaclaus','2016-09-22 23:03:16','LOGIN - Login into system'),(1306,'santaclaus','2016-09-22 23:28:26','LOGIN - Login into system'),(1307,'admin1','2016-09-23 00:06:03','LOGIN - Login into system'),(1308,'admin1','2016-09-23 00:06:33','DELETE TEAM JOIN - Delete team join under contact: Contact ID: 15'),(1309,'tansihao','2016-09-23 00:07:06','LOGIN - Login into system'),(1310,'admin1','2016-09-23 00:09:15','LOGIN - Login into system'),(1311,'admin1','2016-09-23 00:09:48','ADD EVENT - Add event under contact: Contact ID: 1 | Event ID: 192'),(1312,'admin1','2016-09-23 00:09:52','ADD EVENT ROLES - Add event roles under contact: Contact ID: 1 | Event ID: 192'),(1313,'admin1','2016-09-23 00:10:04','ADD TEAM AFFILIATION IN EVENT - Add Team Affiliation in event under contact: Contact ID: 1 | Event ID: 192'),(1314,'santaclaus','2016-09-23 00:51:45','LOGIN - Login into system'),(1315,'santaclaus','2016-09-23 00:53:00','ADD TEAM JOIN - Add team join under contact: Contact ID: 68'),(1316,'admin1','2016-09-23 11:35:00','LOGIN - Login into system'),(1317,'admin1','2016-09-23 12:06:39','LOGIN - Login into system'),(1318,'santaclaus','2016-09-23 17:41:54','LOGIN - Login into system'),(1319,'santaclaus','2016-09-23 17:45:15','JOIN EVENT - Join event under contact: Contact ID: 68 | Event ID: 79 | Event role ID: 66'),(1320,'santaclaus','2016-09-23 17:45:55','LEAVE EVENT ROLES - Leave event roles under contact: Contact ID: 68 | Event Role ID: 66'),(1321,'sapiens','2016-09-23 17:50:46','LOGIN - Login into system'),(1322,'sapiens','2016-09-23 17:51:23','ADD TEAM JOIN - Add team join under contact: Contact ID: 49'),(1323,'sapiens','2016-09-23 17:52:12','ADD TEAM JOIN - Add team join under contact: Contact ID: 50'),(1324,'sapiens','2016-09-23 17:52:43','ADD TEAM JOIN - Add team join under contact: Contact ID: 48'),(1325,'denisovus','2016-09-23 17:53:13','LOGIN - Login into system'),(1326,'denisovus','2016-09-23 17:53:46','JOIN EVENT - Join event under contact: Contact ID: 48 | Event ID: 14 | Event role ID: 18'),(1327,'denisovus','2016-09-23 17:54:34','JOIN EVENT - Join event under contact: Contact ID: 48 | Event ID: 80 | Event role ID: 67'),(1328,'denisovus','2016-09-23 17:55:24','JOIN EVENT - Join event under contact: Contact ID: 48 | Event ID: 60 | Event role ID: 47'),(1329,'denisovus','2016-09-23 17:55:48','JOIN EVENT - Join event under contact: Contact ID: 48 | Event ID: 61 | Event role ID: 48'),(1330,'denisovus','2016-09-23 17:56:17','JOIN EVENT - Join event under contact: Contact ID: 48 | Event ID: 82 | Event role ID: 69'),(1331,'denisovus','2016-09-23 17:56:37','JOIN EVENT - Join event under contact: Contact ID: 48 | Event ID: 64 | Event role ID: 51'),(1332,'heidelbergensis','2016-09-23 17:57:06','LOGIN - Login into system'),(1333,'heidelbergensis','2016-09-23 17:57:27','JOIN EVENT - Join event under contact: Contact ID: 49 | Event ID: 98 | Event role ID: 85'),(1334,'heidelbergensis','2016-09-23 17:57:45','JOIN EVENT - Join event under contact: Contact ID: 49 | Event ID: 60 | Event role ID: 47'),(1335,'heidelbergensis','2016-09-23 17:58:14','JOIN EVENT - Join event under contact: Contact ID: 49 | Event ID: 99 | Event role ID: 86'),(1336,'heidelbergensis','2016-09-23 17:58:58','JOIN EVENT - Join event under contact: Contact ID: 49 | Event ID: 16 | Event role ID: 20'),(1337,'heidelbergensis','2016-09-23 17:59:21','JOIN EVENT - Join event under contact: Contact ID: 49 | Event ID: 61 | Event role ID: 48'),(1338,'heidelbergensis','2016-09-23 17:59:53','JOIN EVENT - Join event under contact: Contact ID: 49 | Event ID: 17 | Event role ID: 21'),(1339,'heidelbergensis','2016-09-23 18:00:20','JOIN EVENT - Join event under contact: Contact ID: 49 | Event ID: 64 | Event role ID: 51'),(1340,'erectus','2016-09-23 18:00:53','LOGIN - Login into system'),(1341,'erectus','2016-09-23 18:01:43','JOIN EVENT - Join event under contact: Contact ID: 50 | Event ID: 99 | Event role ID: 86'),(1342,'erectus','2016-09-23 18:02:03','JOIN EVENT - Join event under contact: Contact ID: 50 | Event ID: 18 | Event role ID: 22'),(1343,'erectus','2016-09-23 18:02:29','JOIN EVENT - Join event under contact: Contact ID: 50 | Event ID: 82 | Event role ID: 69'),(1344,'neanderthalis','2016-09-23 18:02:56','LOGIN - Login into system'),(1345,'neanderthalis','2016-09-23 18:03:24','UPDATE TEAM JOIN - Update team join under contact: Contact ID: 12'),(1346,'neanderthalis','2016-09-23 18:04:30','JOIN EVENT - Join event under contact: Contact ID: 12 | Event ID: 60 | Event role ID: 47'),(1347,'neanderthalis','2016-09-23 18:05:09','JOIN EVENT - Join event under contact: Contact ID: 12 | Event ID: 62 | Event role ID: 49'),(1348,'neanderthalis','2016-09-23 18:07:18','JOIN EVENT - Join event under contact: Contact ID: 12 | Event ID: 15 | Event role ID: 19'),(1349,'neanderthalis','2016-09-23 18:07:53','JOIN EVENT - Join event under contact: Contact ID: 12 | Event ID: 63 | Event role ID: 50'),(1350,'neanderthalis','2016-09-23 18:08:42','ADD TEAM JOIN - Add team join under contact: Contact ID: 14'),(1351,'neanderthalis','2016-09-23 18:09:17','JOIN EVENT - Join event under contact: Contact ID: 14 | Event ID: 98 | Event role ID: 85'),(1352,'neanderthalis','2016-09-23 18:09:38','JOIN EVENT - Join event under contact: Contact ID: 14 | Event ID: 99 | Event role ID: 86'),(1353,'neanderthalis','2016-09-23 18:10:09','JOIN EVENT - Join event under contact: Contact ID: 14 | Event ID: 80 | Event role ID: 67'),(1354,'neanderthalis','2016-09-23 18:10:55','JOIN EVENT - Join event under contact: Contact ID: 14 | Event ID: 65 | Event role ID: 52'),(1355,'neanderthalis','2016-09-23 18:11:12','JOIN EVENT - Join event under contact: Contact ID: 19 | Event ID: 65 | Event role ID: 52'),(1356,'neanderthalis','2016-09-23 18:11:45','JOIN EVENT - Join event under contact: Contact ID: 19 | Event ID: 63 | Event role ID: 50'),(1357,'neanderthalis','2016-09-23 18:12:21','JOIN EVENT - Join event under contact: Contact ID: 19 | Event ID: 19 | Event role ID: 23'),(1358,'neanderthalis','2016-09-23 18:13:23','JOIN EVENT - Join event under contact: Contact ID: 18 | Event ID: 65 | Event role ID: 52'),(1359,'neanderthalis','2016-09-23 18:14:00','JOIN EVENT - Join event under contact: Contact ID: 18 | Event ID: 82 | Event role ID: 69'),(1360,'neanderthalis','2016-09-23 18:14:31','JOIN EVENT - Join event under contact: Contact ID: 18 | Event ID: 79 | Event role ID: 66'),(1361,'neanderthalis','2016-09-23 18:15:01','JOIN EVENT - Join event under contact: Contact ID: 18 | Event ID: 66 | Event role ID: 53'),(1362,'neanderthalis','2016-09-23 18:15:45','JOIN EVENT - Join event under contact: Contact ID: 22 | Event ID: 62 | Event role ID: 49'),(1363,'neanderthalis','2016-09-23 18:16:15','JOIN EVENT - Join event under contact: Contact ID: 22 | Event ID: 66 | Event role ID: 53'),(1364,'erectus','2016-09-23 18:16:47','LOGIN - Login into system'),(1365,'santaclaus','2016-09-23 18:27:09','LOGIN - Login into system'),(1366,'santaclaus','2016-09-23 18:28:29','JOIN EVENT - Join event under contact: Contact ID: 68 | Event ID: 98 | Event role ID: 85'),(1367,'santaclaus','2016-09-23 18:29:28','LEAVE EVENT ROLES - Leave event roles under contact: Contact ID: 68 | Event Role ID: 85'),(1368,'sapiens','2016-09-23 20:16:55','LOGIN - Login into system'),(1369,'sapiens','2016-09-23 20:17:27','CONTACT - Created contact: Contact ID: 69 | Name: Pat Meyer Dev'),(1370,'sapiens','2016-09-23 20:17:46','ADD EMAIL - Add email under contact: Contact ID: 69'),(1371,'sapiens','2016-09-23 20:18:05','ADD TEAM JOIN - Add team join under contact: Contact ID: 69'),(1372,'sapiens','2016-09-23 20:18:05','ADD TEAM JOIN - Add team join under contact: Contact ID: 69'),(1373,'sapiens','2016-09-23 20:18:05','ADD TEAM JOIN - Add team join under contact: Contact ID: 69'),(1374,'sapiens','2016-09-23 20:18:39','UPDATE TEAM JOIN - Update team join under contact: Contact ID: 69'),(1375,'sapiens','2016-09-23 20:18:53','UPDATE EMAIL - Update email under contact: Contact ID: 69'),(1376,'sapiens','2016-09-23 20:18:53','RESEND EMAIL VERIFICATION - Send email under contact: Contact ID: 36 | TO Contact ID: 69, casehelp3@twc2.org.sg'),(1377,'admin1','2016-09-23 20:22:04','LOGIN - Login into system'),(1378,'admin1','2016-09-23 20:26:14','JOIN EVENT - Join event under contact: Contact ID: 1 | Event ID: 79 | Event role ID: 66'),(1379,'sapiens','2016-09-23 23:36:16','LOGIN - Login into system'),(1380,'sapiens','2016-09-23 23:37:49','UPDATE CONTACT - Update Contact under contact: Contact ID: 36'),(1381,'sapiens','2016-09-23 23:38:54','UPDATE CONTACT - Update Contact under contact: Contact ID: 69'),(1382,'sapiens','2016-09-24 12:34:46','LOGIN - Login into system'),(1383,'sapiens','2016-09-24 12:37:44','ADD EVENT - Add event under contact: Contact ID: 36 | Event ID: 193'),(1384,'sapiens','2016-09-24 12:40:05','ADD EVENT ROLES - Add event roles under contact: Contact ID: 36 | Event ID: 193'),(1385,'sapiens','2016-09-24 12:40:11','ADD TEAM AFFILIATION IN EVENT - Add Team Affiliation in event under contact: Contact ID: 36 | Event ID: 193'),(1386,'sapiens','2016-09-24 12:41:11','ADD EVENT - Add event under contact: Contact ID: 36 | Event ID: 194'),(1387,'sapiens','2016-09-24 12:42:04','ADD EVENT ROLES - Add event roles under contact: Contact ID: 36 | Event ID: 194'),(1388,'sapiens','2016-09-24 12:42:06','ADD TEAM AFFILIATION IN EVENT - Add Team Affiliation in event under contact: Contact ID: 36 | Event ID: 194'),(1389,'sapiens','2016-09-24 12:45:38','ADD EVENT - Add event under contact: Contact ID: 36 | Event ID: 195'),(1390,'sapiens','2016-09-24 12:47:06','ADD EVENT ROLES - Add event roles under contact: Contact ID: 36 | Event ID: 195'),(1391,'sapiens','2016-09-24 12:47:10','ADD TEAM AFFILIATION IN EVENT - Add Team Affiliation in event under contact: Contact ID: 36 | Event ID: 195'),(1392,'sapiens','2016-09-24 12:50:03','ADD EVENT - Add event under contact: Contact ID: 36 | Event ID: 196'),(1393,'sapiens','2016-09-24 12:50:19','ADD EVENT ROLES - Add event roles under contact: Contact ID: 36 | Event ID: 196'),(1394,'sapiens','2016-09-24 12:50:19','ADD EVENT ROLES - Add event roles under contact: Contact ID: 36 | Event ID: 197'),(1395,'sapiens','2016-09-24 12:50:19','ADD EVENT ROLES - Add event roles under contact: Contact ID: 36 | Event ID: 198'),(1396,'sapiens','2016-09-24 12:50:21','ADD TEAM AFFILIATION IN EVENT - Add Team Affiliation in event under contact: Contact ID: 36 | Event ID: 196'),(1397,'sapiens','2016-09-24 12:50:21','ADD TEAM AFFILIATION IN EVENT - Add Team Affiliation in event under contact: Contact ID: 36 | Event ID: 197'),(1398,'sapiens','2016-09-24 12:50:21','ADD TEAM AFFILIATION IN EVENT - Add Team Affiliation in event under contact: Contact ID: 36 | Event ID: 198'),(1399,'admin1','2016-09-24 13:37:40','LOGIN - Login into system'),(1400,'admin1','2016-09-24 13:42:05','ADD EVENT - Add event under contact: Contact ID: 1 | Event ID: 199'),(1401,'admin1','2016-09-26 09:39:24','LOGIN - Login into system'),(1402,'admin1','2016-09-26 09:40:18','ADD TEAM JOIN - Add team join under contact: Contact ID: 15'),(1403,'tansihao','2016-09-26 09:40:31','LOGIN - Login into system'),(1404,'sapiens','2016-09-26 14:43:14','LOGIN - Login into system'),(1405,'sapiens','2016-09-26 14:45:24','UPDATE EVENT - Update event under contact: Contact ID: 36 | Event ID: 199'),(1406,'sapiens','2016-09-26 14:50:53','CONTACT - Created contact: Contact ID: 70 | Name: Richmond Dental Clinic'),(1407,'sapiens','2016-09-26 14:50:59','ADD PHONE - Add phone held under contact: Contact ID: 70'),(1408,'sapiens','2016-09-26 14:51:20','ADD EMAIL - Add email under contact: Contact ID: 70'),(1409,'sapiens','2016-09-26 14:51:36','ADD ADDRESS - Add address under contact: Contact ID: 70'),(1410,'sapiens','2016-09-26 15:23:45','LOGIN - Login into system'),(1411,'sapiens','2016-09-26 15:25:03','LEAVE EVENT ROLES - Leave event roles under contact: Contact ID: 17 | Event Role ID: 13'),(1412,'admin1','2016-09-26 15:34:10','LOGIN - Login into system'),(1413,'admin1','2016-09-26 15:34:44','LOGIN - Login into system'),(1414,'admin1','2016-09-26 15:35:24','ADD PROXY - Add proxy under contact: proxy ID: 1 | principal ID: 14'),(1415,'Sapiens','2016-09-26 15:56:32','LOGIN - Login into system'),(1416,'Sapiens','2016-09-26 15:58:21','CONTACT - Created contact: Contact ID: 71 | Name: Gavin yeoh'),(1417,'Sapiens','2016-09-26 15:58:44','ADD PHONE - Add phone held under contact: Contact ID: 71'),(1418,'Sapiens','2016-09-26 15:59:08','ADD EMAIL - Add email under contact: Contact ID: 71'),(1419,'Sapiens','2016-09-26 15:59:46','ADD ADDRESS - Add address under contact: Contact ID: 71'),(1420,'Sapiens','2016-09-26 15:59:57','ADD TEAM JOIN - Add team join under contact: Contact ID: 71'),(1421,'Sapiens','2016-09-26 15:59:57','ADD TEAM JOIN - Add team join under contact: Contact ID: 71'),(1422,'Sapiens','2016-09-26 16:00:03','ADD LANGUAGE - Add language under contact: Contact ID: 71'),(1423,'Sapiens','2016-09-26 16:00:17','ADD SKILL - Add skill under contact: Contact ID: 71'),(1424,'Sapiens','2016-09-26 16:00:31','ADD SKILL - Add skill under contact: Contact ID: 71'),(1425,'marcus1','2016-09-26 16:03:35','LOGIN - Login into system'),(1426,'tansihao','2016-09-26 16:04:54','LOGIN - Login into system'),(1427,'admin1','2016-09-26 16:05:38','LOGIN - Login into system'),(1428,'admin1','2016-09-26 16:06:35','UPDATE TEAM JOIN - Update team join under contact: Contact ID: 15'),(1429,'tansihao','2016-09-26 16:06:54','LOGIN - Login into system'),(1430,'tansihao','2016-09-26 16:07:15','ADD PROXY - Add proxy under contact: proxy ID: 15 | principal ID: 45'),(1431,'admin1','2016-09-26 16:29:41','LOGIN - Login into system'),(1432,'admin1','2016-09-26 19:30:19','LOGIN - Login into system'),(1433,'admin1','2016-09-26 19:30:40','UPDATE TEAM AFFILIATION IN EVENT - Update Team Affiliation in event under contact: Contact ID: 1 | Event ID: 14'),(1434,'admin1','2016-09-26 19:30:40','UPDATE EVENT - Update event under contact: Contact ID: 1 | Event ID: 14'),(1435,'admin1','2016-09-26 19:30:51','UPDATE EVENT - Update event under contact: Contact ID: 1 | Event ID: 14'),(1436,'admin1','2016-09-26 19:32:27','ADD PROXY - Add proxy under contact: proxy ID: 13 | principal ID: 70'),(1437,'admin1','2016-09-26 19:33:04','DELETE EMAIL - Delete email under Contact: Contact ID: 13'),(1438,'darryl1','2016-09-26 19:33:34','LOGIN - Login into system'),(1439,'admin1','2016-09-26 19:34:21','LOGIN - Login into system'),(1440,'admin1','2016-09-26 19:34:39','UPDATE TEAM JOIN - Update team join under contact: Contact ID: 13'),(1441,'darryl1','2016-09-26 19:34:45','LOGIN - Login into system'),(1442,'admin1','2016-09-26 19:35:05','UPDATE TEAM JOIN - Update team join under contact: Contact ID: 13'),(1443,'darryl1','2016-09-26 19:35:18','LOGIN - Login into system'),(1444,'admin1','2016-09-26 19:38:13','LEAVE EVENT ROLES - Leave event roles under contact: Contact ID: 12 | Event Role ID: 19'),(1445,'admin1','2016-09-26 19:39:12','LEAVE EVENT ROLES - Leave event roles under contact: Contact ID: 48 | Event Role ID: 18'),(1446,'admin1','2016-09-26 19:39:37','DELETE ROLE - Delete role under contact: Contact ID: 1 | Event ID: 14 | Event role: TCRP volunteers'),(1447,'admin1','2016-09-26 19:40:02','DELETE EVENT - Delete event under contact: Contact ID: 1'),(1448,'admin1','2016-09-26 19:41:00','LEAVE EVENT ROLES - Leave event roles under contact: Contact ID: 49 | Event Role ID: 20'),(1449,'admin1','2016-09-26 19:41:39','DELETE ROLE - Delete role under contact: Contact ID: 1 | Event ID: 16 | Event role: TCRP volunteers'),(1450,'admin1','2016-09-26 19:41:51','DELETE EVENT - Delete event under contact: Contact ID: 1'),(1451,'admin1','2016-09-26 19:44:43','ADD REMARKS - Add remarks under contact: Contact ID: 1'),(1452,'darryl1','2016-09-26 19:49:15','LOGIN - Login into system'),(1453,'admin1','2016-09-26 19:49:38','UPDATE TEAM JOIN - Update team join under contact: Contact ID: 13'),(1454,'darryl1','2016-09-26 19:49:48','LOGIN - Login into system'),(1455,'darryl1','2016-09-26 19:50:10','ADD PROXY - Add proxy under contact: proxy ID: 32 | principal ID: 70'),(1456,'darryl1','2016-09-26 19:51:00','ADD PROXY - Add proxy under contact: proxy ID: 70 | principal ID: 12'),(1457,'darryl1','2016-09-26 19:58:22','LOGIN - Login into system'),(1458,'sapiens','2016-09-26 23:02:07','LOGIN - Login into system'),(1459,'sapiens','2016-09-26 23:03:19','UPDATE TEAM AFFILIATION IN EVENT - Update Team Affiliation in event under contact: Contact ID: 36 | Event ID: 150'),(1460,'sapiens','2016-09-26 23:03:19','UPDATE EVENT - Update event under contact: Contact ID: 36 | Event ID: 150'),(1461,'sapiens','2016-09-26 23:04:28','UPDATE EVENT - Update event under contact: Contact ID: 36 | Event ID: 150'),(1462,'sapiens','2016-09-26 23:05:13','UPDATE EVENT - Update event under contact: Contact ID: 36 | Event ID: 150'),(1463,'sapiens','2016-09-26 23:06:32','ADD SERVICE COMMENT - Add service comment under contact: Contact ID: 36'),(1464,'sapiens','2016-09-26 23:08:53','ADD EVENT - Add event under contact: Contact ID: 36 | Event ID: 200'),(1465,'sapiens','2016-09-26 23:09:10','ADD EVENT ROLES - Add event roles under contact: Contact ID: 36 | Event ID: 200'),(1466,'sapiens','2016-09-26 23:09:14','ADD TEAM AFFILIATION IN EVENT - Add Team Affiliation in event under contact: Contact ID: 36 | Event ID: 200'),(1467,'sapiens','2016-09-26 23:09:33','JOIN EVENT - Join event under contact: Contact ID: 36 | Event ID: 200 | Event role ID: 273'),(1468,'Santaclaus','2016-09-26 23:09:52','LOGIN - Login into system'),(1469,'Santaclaus','2016-09-26 23:12:20','ADD TEAM JOIN - Add team join under contact: Contact ID: 68'),(1470,'Santaclaus','2016-09-26 23:12:54','ADD SKILL - Add skill under contact: Contact ID: 68'),(1471,'neanderthalis','2016-09-26 23:16:43','LOGIN - Login into system'),(1472,'santaclaus','2016-09-26 23:17:55','LOGIN - Login into system'),(1473,'neanderthalis','2016-09-26 23:19:19','LOGIN - Login into system'),(1474,'erectus','2016-09-26 23:20:04','LOGIN - Login into system'),(1475,'erectus','2016-09-26 23:25:49','JOIN EVENT - Join event under contact: Contact ID: 50 | Event ID: 200 | Event role ID: 274'),(1476,'santaclaus','2016-09-26 23:26:31','LOGIN - Login into system'),(1477,'sapiens','2016-09-26 23:27:44','LOGIN - Login into system'),(1478,'sapiens','2016-09-26 23:34:36','DELETE PROXY - Delete proxy under contact: proxy ID: 70 | principal ID: 12'),(1479,'sapiens','2016-09-26 23:34:49','DELETE PROXY - Delete proxy under contact: proxy ID: 32 | principal ID: 70'),(1480,'sapiens','2016-09-26 23:35:00','DELETE PROXY - Delete proxy under contact: proxy ID: 13 | principal ID: 70'),(1481,'sapiens','2016-09-26 23:40:07','ADD PROXY - Add proxy under contact: proxy ID: 12 | principal ID: 70'),(1482,'erectus','2016-09-26 23:43:50','LOGIN - Login into system'),(1483,'heidelbergensis','2016-09-26 23:44:37','LOGIN - Login into system'),(1484,'heidelbergensis','2016-09-26 23:45:21','ADD REMARKS - Add remarks under contact: Contact ID: 49'),(1485,'neanderthalis','2016-09-26 23:45:59','LOGIN - Login into system'),(1486,'neanderthalis','2016-09-26 23:46:47','ADD SERVICE COMMENT - Add service comment under contact: Contact ID: 47'),(1487,'sapiens','2016-09-27 00:33:56','LOGIN - Login into system'),(1488,'sapiens','2016-09-27 00:34:33','ADD SKILL - Add skill under contact: Contact ID: 49'),(1489,'sapiens','2016-09-27 00:34:42','DELETE SKILL - Delete skill under contact: contact ID: 49'),(1490,'admin1','2016-09-27 09:20:49','LOGIN - Login into system'),(1491,'admin1','2016-09-27 09:23:03','DELETE ROLE - Delete role under contact: Contact ID: 1 | Event ID: 31 | Event role: Official Minister\'s Arse Licker'),(1492,'admin1','2016-09-27 12:27:55','LOGIN - Login into system'),(1493,'santaclaus','2016-09-27 12:33:29','LOGIN - Login into system'),(1494,'admin1','2016-09-27 12:34:38','LOGIN - Login into system'),(1495,'admin1','2016-09-27 13:19:06','LOGIN - Login into system'),(1496,'denisovus','2016-09-27 13:26:23','LOGIN - Login into system'),(1497,'denisovus','2016-09-27 13:35:40','ADD EVENT - Add event under contact: Contact ID: 48 | Event ID: 201'),(1498,'denisovus','2016-09-27 13:36:27','ADD EVENT ROLES - Add event roles under contact: Contact ID: 48 | Event ID: 201'),(1499,'denisovus','2016-09-27 13:36:30','ADD TEAM AFFILIATION IN EVENT - Add Team Affiliation in event under contact: Contact ID: 48 | Event ID: 201'),(1500,'denisovus','2016-09-27 13:38:55','JOIN EVENT - Join event under contact: Contact ID: 63 | Event ID: 200 | Event role ID: 274'),(1501,'sapiens','2016-09-27 13:58:45','LOGIN - Login into system'),(1502,'sapiens','2016-09-27 14:01:24','DELETE ROLE - Delete role under contact: Contact ID: 36 | Event ID: 200 | Event role: Mayor'),(1503,'admin1','2016-09-27 14:46:08','LOGIN - Login into system'),(1504,'sapiens','2016-09-27 15:42:03','LOGIN - Login into system'),(1505,'sapiens','2016-09-27 15:42:49','DELETE ROLE - Delete role under contact: Contact ID: 36 | Event ID: 200 | Event role: Minor'),(1506,'sapiens','2016-09-27 15:43:13','DELETE EVENT - Delete event under contact: Contact ID: 36'),(1507,'sapiens','2016-09-27 15:43:31','AUDIT LOG - Access into audit log'),(1508,'denisovus','2016-09-27 15:45:57','LOGIN - Login into system'),(1509,'admin1','2016-09-27 15:46:18','LOGIN - Login into system'),(1510,'denisovus','2016-09-27 15:46:55','ADD EVENT - Add event under contact: Contact ID: 48 | Event ID: 202'),(1511,'denisovus','2016-09-27 15:47:17','ADD EVENT ROLES - Add event roles under contact: Contact ID: 48 | Event ID: 202'),(1512,'denisovus','2016-09-27 15:47:19','ADD TEAM AFFILIATION IN EVENT - Add Team Affiliation in event under contact: Contact ID: 48 | Event ID: 202'),(1513,'denisovus','2016-09-27 15:47:31','JOIN EVENT - Join event under contact: Contact ID: 48 | Event ID: 202 | Event role ID: 278'),(1514,'admin1','2016-09-27 15:47:40','UPDATE TEAM AFFILIATION IN EVENT - Update Team Affiliation in event under contact: Contact ID: 1 | Event ID: 15'),(1515,'admin1','2016-09-27 15:47:40','UPDATE EVENT - Update event under contact: Contact ID: 1 | Event ID: 15'),(1516,'erectus','2016-09-27 15:47:47','LOGIN - Login into system'),(1517,'erectus','2016-09-27 15:48:02','JOIN EVENT - Join event under contact: Contact ID: 50 | Event ID: 202 | Event role ID: 279'),(1518,'heidelbergensis','2016-09-27 15:48:22','LOGIN - Login into system'),(1519,'heidelbergensis','2016-09-27 15:48:36','JOIN EVENT - Join event under contact: Contact ID: 49 | Event ID: 202 | Event role ID: 280'),(1520,'santaclaus','2016-09-27 15:49:06','LOGIN - Login into system'),(1521,'erectus','2016-09-27 16:25:26','LOGIN - Login into system'),(1522,'erectus','2016-09-27 16:37:54','LOGIN - Login into system'),(1523,'erectus','2016-09-27 16:40:34','ADD REMARKS - Add remarks under contact: Contact ID: 50'),(1524,'heidelbergensis','2016-09-27 16:42:09','LOGIN - Login into system'),(1525,'denisovus','2016-09-27 16:44:08','LOGIN - Login into system'),(1526,'denisovus','2016-09-27 16:44:51','ADD REMARKS - Add remarks under contact: Contact ID: 48'),(1527,'denisovus','2016-09-27 16:45:20','ADD SERVICE COMMENT - Add service comment under contact: Contact ID: 48'),(1528,'denisovus','2016-09-27 16:45:48','ADD SERVICE COMMENT - Add service comment under contact: Contact ID: 48'),(1529,'heidelbergensis','2016-09-27 16:46:44','LOGIN - Login into system'),(1530,'heidelbergensis','2016-09-27 17:02:15','ADD REMARKS - Add remarks under contact: Contact ID: 49'),(1531,'heidelbergensis','2016-09-27 17:04:48','ADD REMARKS - Add remarks under contact: Contact ID: 49'),(1532,'denisovus','2016-09-27 17:05:07','LOGIN - Login into system'),(1533,'rashiqa2','2016-09-27 17:06:28','LOGIN - Login into system'),(1534,'rashiqa2','2016-09-27 17:12:38','LOGIN - Login into system'),(1535,'neanderthalis','2016-09-27 17:17:27','LOGIN - Login into system'),(1536,'sapiens','2016-09-27 17:18:15','LOGIN - Login into system'),(1537,'neanderthalis','2016-09-27 17:20:37','LOGIN - Login into system'),(1538,'denisovus','2016-09-27 17:21:44','LOGIN - Login into system'),(1539,'denisovus','2016-09-27 17:33:11','LOGIN - Login into system'),(1540,'sapiens','2016-09-27 17:38:20','LOGIN - Login into system'),(1541,'denisovus','2016-09-27 17:42:22','LOGIN - Login into system'),(1542,'neanderthalis','2016-09-27 17:46:45','LOGIN - Login into system'),(1543,'neanderthalis','2016-09-27 18:06:14','ADD SERVICE COMMENT - Add service comment under contact: Contact ID: 47'),(1544,'neanderthalis','2016-09-27 18:07:07','ADD SERVICE COMMENT - Add service comment under contact: Contact ID: 47'),(1545,'denisovus','2016-09-27 18:08:07','LOGIN - Login into system'),(1546,'denisovus','2016-09-27 18:08:50','ADD REMARKS - Add remarks under contact: Contact ID: 48'),(1547,'sapiens','2016-09-27 18:10:39','LOGIN - Login into system'),(1548,'erectus','2016-09-27 18:12:47','LOGIN - Login into system'),(1549,'sapiens','2016-09-27 18:26:42','LOGIN - Login into system'),(1550,'erectus','2016-09-27 18:32:00','LOGIN - Login into system'),(1551,'heidelbergensis','2016-09-27 18:40:09','LOGIN - Login into system'),(1552,'heidelbergensis','2016-09-27 18:40:31','ADD REMARKS - Add remarks under contact: Contact ID: 49'),(1553,'neanderthalis','2016-09-27 18:41:16','LOGIN - Login into system'),(1554,'admin1','2016-09-27 18:48:10','LOGIN - Login into system'),(1555,'admin1','2016-09-28 11:07:19','LOGIN - Login into system'),(1556,'darryl1','2016-09-28 12:32:14','LOGIN - Login into system'),(1557,'sapiens','2016-09-28 13:38:42','LOGIN - Login into system'),(1558,'sapiens','2016-09-28 13:39:03','CONTACT - Created contact: Contact ID: 72 | Name: gautam_two'),(1559,'sapiens','2016-09-28 13:39:19','ADD EMAIL - Add email under contact: Contact ID: 72'),(1560,'sapiens','2016-09-28 13:39:45','UPDATE EMAIL - Update email under contact: Contact ID: 72'),(1561,'admin1','2016-09-28 14:03:34','LOGIN - Login into system'),(1562,'admin1','2016-09-28 14:07:07','ADD EMAIL - Add email under contact: Contact ID: 15'),(1563,'admin1','2016-09-28 14:08:03','UPDATE EMAIL - Update email under contact: Contact ID: 15'),(1564,'admin1','2016-09-28 14:11:58','LOGIN - Login into system'),(1565,'admin1','2016-09-28 14:12:52','DELETE EMAIL - Delete email under Contact: Contact ID: 13'),(1566,'admin1','2016-09-28 14:13:13','ADD EMAIL - Add email under contact: Contact ID: 13'),(1567,'admin1','2016-09-28 14:14:36','UPDATE EMAIL - Update email under contact: Contact ID: 15'),(1568,'admin1','2016-09-28 14:15:07','UPDATE EMAIL - Update email under contact: Contact ID: 13'),(1569,'admin1','2016-09-28 14:15:10','UPDATE EMAIL - Update email under contact: Contact ID: 15'),(1570,'admin1','2016-09-28 14:31:49','LOGIN - Login into system'),(1571,'admin1','2016-09-28 14:32:19','UPDATE EMAIL - Update email under contact: Contact ID: 15'),(1572,'admin1','2016-09-28 14:38:28','UPDATE EMAIL - Update email under contact: Contact ID: 15'),(1573,'admin1','2016-09-28 14:42:45','UPDATE EMAIL - Update email under contact: Contact ID: 15'),(1574,'admin1','2016-09-28 14:44:56','LOGIN - Login into system'),(1575,'admin1','2016-09-28 14:46:00','ADD EMAIL - Add email under contact: Contact ID: 14'),(1576,'admin1','2016-09-28 14:46:07','UPDATE EMAIL - Update email under contact: Contact ID: 14'),(1577,'christine2','2016-09-28 15:40:03','LOGIN - Login into system'),(1578,'admin1','2016-09-28 18:28:09','LOGIN - Login into system'),(1579,'admin1','2016-09-28 21:10:24','LOGIN - Login into system'),(1580,'admin1','2016-09-28 21:10:54','UPDATE EVENT - Update event under contact: Contact ID: 1 | Event ID: 178'),(1581,'admin1','2016-09-29 08:47:10','LOGIN - Login into system'),(1582,'admin1','2016-09-29 08:47:46','UPDATE EMAIL - Update email under contact: Contact ID: 15'),(1583,'admin1','2016-09-29 08:47:46','RESEND EMAIL VERIFICATION - Send email under contact: Contact ID: 1 | TO Contact ID: 15, sihao.tan.2014@smu.edu.sg'),(1584,'admin1','2016-09-29 09:13:05','LOGIN - Login into system'),(1585,'admin1','2016-09-29 09:14:22','ADD TRAINING - Add training under contact: Contact ID: 64'),(1586,'admin1','2016-09-29 09:15:32','ADD EMAIL - Add email under contact: Contact ID: 1'),(1587,'admin1','2016-09-29 09:16:27','UPDATE EMAIL - Update email under contact: Contact ID: 1'),(1588,'admin1','2016-09-29 09:16:39','UPDATE EMAIL - Update email under contact: Contact ID: 1'),(1589,'admin1','2016-09-29 09:16:45','UPDATE EMAIL - Update email under contact: Contact ID: 1'),(1590,'admin1','2016-09-29 09:19:47','LOGIN - Login into system'),(1591,'admin1','2016-09-29 09:54:23','LOGIN - Login into system'),(1592,'admin1','2016-09-29 09:54:51','LOGIN - Login into system'),(1593,'admin1','2016-09-29 09:54:52','LOGIN - Login into system'),(1594,'admin1','2016-09-29 10:13:50','JOIN EVENT - Join event under contact: Contact ID: 14 | Event ID: 62 | Event role ID: 49'),(1595,'admin1','2016-09-29 13:14:05','LOGIN - Login into system'),(1596,'admin1','2016-09-29 13:25:30','LOGIN - Login into system'),(1597,'admin1','2016-09-29 13:27:20','LOGIN - Login into system'),(1598,'admin1','2016-09-29 13:35:07','LOGIN - Login into system'),(1599,'darryl1','2016-09-29 13:36:51','LOGIN - Login into system'),(1600,'admin1','2016-09-29 13:37:26','LOGIN - Login into system'),(1601,'admin1','2016-09-29 13:55:05','ADD EVENT - Add event under contact: Contact ID: 1 | Event ID: 203'),(1602,'admin1','2016-09-29 13:55:17','ADD EVENT ROLES - Add event roles under contact: Contact ID: 1 | Event ID: 203'),(1603,'admin1','2016-09-29 13:55:29','ADD TEAM AFFILIATION IN EVENT - Add Team Affiliation in event under contact: Contact ID: 1 | Event ID: 203'),(1604,'admin1','2016-09-29 13:56:17','ADD EVENT - Add event under contact: Contact ID: 1 | Event ID: 204'),(1605,'admin1','2016-09-29 13:58:02','ADD EVENT - Add event under contact: Contact ID: 1 | Event ID: 205'),(1606,'admin1','2016-09-29 13:58:27','ADD EVENT - Add event under contact: Contact ID: 1 | Event ID: 206'),(1607,'admin1','2016-09-29 13:59:09','ADD EVENT - Add event under contact: Contact ID: 1 | Event ID: 207'),(1608,'admin1','2016-09-29 13:59:26','ADD EVENT ROLES - Add event roles under contact: Contact ID: 1 | Event ID: 207'),(1609,'admin1','2016-09-29 13:59:29','ADD TEAM AFFILIATION IN EVENT - Add Team Affiliation in event under contact: Contact ID: 1 | Event ID: 207'),(1610,'admin1','2016-09-29 13:59:46','ADD EVENT - Add event under contact: Contact ID: 1 | Event ID: 208'),(1611,'admin1','2016-09-29 13:59:52','ADD EVENT ROLES - Add event roles under contact: Contact ID: 1 | Event ID: 208'),(1612,'admin1','2016-09-29 13:59:53','ADD TEAM AFFILIATION IN EVENT - Add Team Affiliation in event under contact: Contact ID: 1 | Event ID: 208'),(1613,'admin1','2016-09-29 14:01:59','ADD EVENT - Add event under contact: Contact ID: 1 | Event ID: 209'),(1614,'admin1','2016-09-29 14:02:36','ADD EVENT - Add event under contact: Contact ID: 1 | Event ID: 210'),(1615,'admin1','2016-09-29 14:03:08','ADD EVENT - Add event under contact: Contact ID: 1 | Event ID: 211'),(1616,'admin1','2016-09-29 15:00:33','LOGIN - Login into system'),(1617,'admin1','2016-09-29 15:26:07','LOGIN - Login into system'),(1618,'admin1','2016-09-29 15:26:10','AUDIT LOG - Access into audit log'),(1619,'admin1','2016-09-29 15:26:47','ADD EVENT - Add event under contact: Contact ID: 1 | Event ID: 212'),(1620,'admin1','2016-09-29 15:27:51','LOGIN - Login into system'),(1621,'admin1','2016-09-29 15:28:18','ADD EVENT - Add event under contact: Contact ID: 1 | Event ID: 213'),(1622,'admin1','2016-09-29 15:31:08','LOGIN - Login into system'),(1623,'admin1','2016-09-29 15:31:21','ADD EVENT - Add event under contact: Contact ID: 1 | Event ID: 214'),(1624,'admin1','2016-09-29 15:32:04','ADD EVENT - Add event under contact: Contact ID: 1 | Event ID: 215'),(1625,'admin1','2016-09-29 15:34:01','ADD EVENT ROLES - Add event roles under contact: Contact ID: 1 | Event ID: 215'),(1626,'admin1','2016-09-29 15:34:03','ADD TEAM AFFILIATION IN EVENT - Add Team Affiliation in event under contact: Contact ID: 1 | Event ID: 215'),(1627,'admin1','2016-09-29 15:34:17','ADD EVENT - Add event under contact: Contact ID: 1 | Event ID: 216'),(1628,'admin1','2016-09-29 16:16:12','LOGIN - Login into system'),(1629,'thaonguyen','2016-09-29 16:17:02','LOGIN - Login into system'),(1630,'admin1','2016-09-29 16:17:46','LOGIN - Login into system'),(1631,'admin1','2016-09-29 17:37:43','LOGIN - Login into system'),(1632,'admin1','2016-09-29 17:38:39','ADD EVENT - Add event under contact: Contact ID: 1 | Event ID: 217'),(1633,'admin1','2016-09-29 17:38:45','ADD EVENT ROLES - Add event roles under contact: Contact ID: 1 | Event ID: 217'),(1634,'admin1','2016-09-29 17:38:50','ADD TEAM AFFILIATION IN EVENT - Add Team Affiliation in event under contact: Contact ID: 1 | Event ID: 217'),(1635,'admin1','2016-09-29 17:40:03','LOGIN - Login into system'),(1636,'admin1','2016-09-29 17:40:23','ADD EVENT - Add event under contact: Contact ID: 1 | Event ID: 218'),(1637,'admin1','2016-09-29 17:54:18','LOGIN - Login into system'),(1638,'admin1','2016-09-29 17:54:40','ADD EVENT - Add event under contact: Contact ID: 1 | Event ID: 219'),(1639,'admin1','2016-09-29 17:54:58','ADD EVENT ROLES - Add event roles under contact: Contact ID: 1 | Event ID: 219'),(1640,'admin1','2016-09-29 17:55:03','ADD TEAM AFFILIATION IN EVENT - Add Team Affiliation in event under contact: Contact ID: 1 | Event ID: 219'),(1641,'admin1','2016-09-29 17:55:17','DELETE EVENT - Delete event under contact: Contact ID: 1'),(1642,'admin1','2016-09-29 17:55:25','DELETE EVENT - Delete event under contact: Contact ID: 1'),(1643,'admin1','2016-09-29 17:55:30','DELETE EVENT - Delete event under contact: Contact ID: 1'),(1644,'admin1','2016-09-29 17:55:39','DELETE EVENT - Delete event under contact: Contact ID: 1'),(1645,'admin1','2016-09-29 17:55:50','ADD EVENT - Add event under contact: Contact ID: 1 | Event ID: 220'),(1646,'admin1','2016-09-29 17:56:52','ADD EVENT ROLES - Add event roles under contact: Contact ID: 1 | Event ID: 220'),(1647,'admin1','2016-09-29 17:56:53','ADD TEAM AFFILIATION IN EVENT - Add Team Affiliation in event under contact: Contact ID: 1 | Event ID: 220'),(1648,'admin1','2016-09-29 17:57:06','ADD EVENT - Add event under contact: Contact ID: 1 | Event ID: 221'),(1649,'admin1','2016-09-29 17:57:53','ADD EVENT ROLES - Add event roles under contact: Contact ID: 1 | Event ID: 221'),(1650,'admin1','2016-09-29 17:57:55','ADD TEAM AFFILIATION IN EVENT - Add Team Affiliation in event under contact: Contact ID: 1 | Event ID: 221'),(1651,'admin1','2016-09-29 17:58:02','DELETE EVENT - Delete event under contact: Contact ID: 1'),(1652,'admin1','2016-09-29 17:58:05','DELETE EVENT - Delete event under contact: Contact ID: 1'),(1653,'admin1','2016-09-29 17:58:09','DELETE EVENT - Delete event under contact: Contact ID: 1'),(1654,'heidelbergensis','2016-09-29 18:03:17','LOGIN - Login into system'),(1655,'admin1','2016-09-29 18:13:43','LOGIN - Login into system'),(1656,'admin1','2016-09-29 18:33:42','LOGIN - Login into system'),(1657,'admin1','2016-09-29 18:33:42','LOGIN - Login into system'),(1658,'admin1','2016-09-29 19:04:03','LOGIN - Login into system'),(1659,'admin1','2016-09-29 19:05:18','UPDATE TEAM JOIN - Update team join under contact: Contact ID: 13'),(1660,'darryl1','2016-09-29 19:05:34','LOGIN - Login into system'),(1661,'santaclaus','2016-09-29 19:11:29','LOGIN - Login into system'),(1662,'darryl1','2016-09-29 19:11:52','LOGIN - Login into system'),(1663,'darryl1','2016-09-29 19:12:59','ADD TEAM JOIN - Add team join under contact: Contact ID: 68'),(1664,'admin1','2016-09-29 19:14:29','LOGIN - Login into system'),(1665,'admin1','2016-09-29 19:39:06','ADD EVENT - Add event under contact: Contact ID: 1 | Event ID: 222'),(1666,'denisovus','2016-09-29 19:50:20','LOGIN - Login into system'),(1667,'admin1','2016-09-29 21:03:35','ADD MEMBERSHIP - Add membership under contact: Contact ID: 49'),(1668,'admin1','2016-09-29 21:03:53','ADD MEMBERSHIP - Add membership under contact: Contact ID: 49'),(1669,'darryl1','2016-09-30 09:03:44','LOGIN - Login into system'),(1670,'santaclaus','2016-09-30 09:04:45','LOGIN - Login into system'),(1671,'denisovus','2016-09-30 09:06:07','LOGIN - Login into system'),(1672,'admin1','2016-09-30 10:03:32','LOGIN - Login into system'),(1673,'admin1','2016-09-30 10:03:41','CONTACT - Created contact: Contact ID: 73 | Name: Darryl Mok'),(1674,'admin1','2016-09-30 10:04:30','DELETE CONTACT - Delete contact under contact: Contact ID: 73'),(1675,'admin1','2016-09-30 11:30:56','LOGIN - Login into system'),(1676,'admin1','2016-09-30 11:31:02','EXPORT - Exported contact table'),(1677,'admin1','2016-09-30 11:31:10','EXPORT - Exported phone table'),(1678,'admin1','2016-09-30 11:31:17','EXPORT - Exported email table'),(1679,'admin1','2016-09-30 11:31:23','EXPORT - Exported address table'),(1680,'admin1','2016-09-30 11:31:25','EXPORT - Exported address table'),(1681,'admin1','2016-09-30 11:31:26','EXPORT - Exported address table'),(1682,'admin1','2016-09-30 11:31:29','EXPORT - Exported membership table'),(1683,'admin1','2016-09-30 11:32:35','ADD OFFICE HELD - Add office held under contact: Contact ID: 13'),(1684,'admin1','2016-09-30 11:32:53','ADD DONATION - Add donation under contact: Contact ID: 13'),(1685,'admin1','2016-09-30 11:33:13','ADD OFFICE HELD - Add office held under contact: Contact ID: 13'),(1686,'admin1','2016-09-30 11:33:33','ADD DONATION - Add donation under contact: Contact ID: 13'),(1687,'admin1','2016-09-30 11:33:43','EXPORT - Exported office held table'),(1688,'admin1','2016-09-30 11:33:52','EXPORT - Exported donation table'),(1689,'admin1','2016-09-30 11:33:57','EXPORT - Exported training table'),(1690,'admin1','2016-09-30 11:34:01','EXPORT - Exported team join table'),(1691,'admin1','2016-09-30 11:34:07','EXPORT - Exported language table'),(1692,'admin1','2016-09-30 11:34:10','EXPORT - Exported skills and assets table'),(1693,'admin1','2016-09-30 11:34:14','EXPORT - Exported event table'),(1694,'admin1','2016-09-30 11:34:16','EXPORT - Exported event table'),(1695,'admin1','2016-09-30 11:34:18','EXPORT - Exported event table'),(1696,'admin1','2016-09-30 11:35:43','EXPORT - Exported eventParticipant table'),(1697,'sapiens','2016-09-30 12:36:04','LOGIN - Login into system'),(1698,'admin1','2016-09-30 12:41:05','LOGIN - Login into system'),(1699,'admin1','2016-09-30 12:41:37','LOGIN - Login into system'),(1700,'sapiens','2016-09-30 13:22:31','LOGIN - Login into system'),(1701,'sapiens','2016-09-30 13:28:40','LOGIN - Login into system'),(1702,'sapiens','2016-09-30 13:30:35','UPDATE TEAM AFFILIATION IN EVENT - Update Team Affiliation in event under contact: Contact ID: 36 | Event ID: 179'),(1703,'sapiens','2016-09-30 13:30:35','UPDATE EVENT - Update event under contact: Contact ID: 36 | Event ID: 179'),(1704,'sapiens','2016-09-30 13:30:42','UPDATE EVENT - Update event under contact: Contact ID: 36 | Event ID: 179'),(1705,'sapiens','2016-09-30 13:31:30','UPDATE EVENT - Update event under contact: Contact ID: 36 | Event ID: 99'),(1706,'sapiens','2016-09-30 13:32:14','UPDATE EVENT - Update event under contact: Contact ID: 36 | Event ID: 99'),(1707,'sapiens','2016-09-30 13:34:16','UPDATE EVENT - Update event under contact: Contact ID: 36 | Event ID: 17'),(1708,'admin1','2016-09-30 13:41:39','LOGIN - Login into system'),(1709,'sapiens','2016-09-30 13:43:14','LOGIN - Login into system'),(1710,'sapiens','2016-09-30 13:44:19','UPDATE EVENT - Update event under contact: Contact ID: 36 | Event ID: 63'),(1711,'sapiens','2016-09-30 13:45:19','UPDATE EVENT - Update event under contact: Contact ID: 36 | Event ID: 82'),(1712,'sapiens','2016-09-30 14:03:53','LOGIN - Login into system'),(1713,'sapiens','2016-09-30 14:05:14','ADD EVENT - Add event under contact: Contact ID: 36 | Event ID: 223'),(1714,'sapiens','2016-09-30 14:06:09','DELETE EVENT - Delete event under contact: Contact ID: 36'),(1715,'sapiens','2016-09-30 14:06:15','DELETE EVENT - Delete event under contact: Contact ID: 36'),(1716,'sapiens','2016-09-30 14:06:19','DELETE EVENT - Delete event under contact: Contact ID: 36'),(1717,'sapiens','2016-09-30 14:06:28','DELETE EVENT - Delete event under contact: Contact ID: 36'),(1718,'sapiens','2016-09-30 14:06:37','DELETE EVENT - Delete event under contact: Contact ID: 36'),(1719,'sapiens','2016-09-30 14:07:33','ADD EVENT - Add event under contact: Contact ID: 36 | Event ID: 224'),(1720,'sapiens','2016-09-30 14:07:37','ADD EVENT ROLES - Add event roles under contact: Contact ID: 36 | Event ID: 224'),(1721,'sapiens','2016-09-30 14:09:19','LOGIN - Login into system'),(1722,'sapiens','2016-09-30 14:10:17','DELETE EVENT - Delete event under contact: Contact ID: 36'),(1723,'sapiens','2016-09-30 14:11:12','DELETE EVENT - Delete event under contact: Contact ID: 36'),(1724,'sapiens','2016-09-30 14:12:26','UPDATE EVENT ROLES - Update event roles under contact: Contact ID: 36 | Event ID: 223'),(1725,'sapiens','2016-09-30 14:12:26','UPDATE EVENT - Update event under contact: Contact ID: 36 | Event ID: 223'),(1726,'sapiens','2016-09-30 14:12:37','UPDATE EVENT ROLES - Update event roles under contact: Contact ID: 36 | Event ID: 223'),(1727,'sapiens','2016-09-30 14:12:37','UPDATE EVENT - Update event under contact: Contact ID: 36 | Event ID: 223'),(1728,'sapiens','2016-09-30 14:12:47','UPDATE TEAM AFFILIATION IN EVENT - Update Team Affiliation in event under contact: Contact ID: 36 | Event ID: 223'),(1729,'sapiens','2016-09-30 14:12:47','UPDATE EVENT - Update event under contact: Contact ID: 36 | Event ID: 223'),(1730,'sapiens','2016-09-30 14:12:55','UPDATE EVENT ROLES - Update event roles under contact: Contact ID: 36 | Event ID: 223'),(1731,'sapiens','2016-09-30 14:12:55','UPDATE EVENT - Update event under contact: Contact ID: 36 | Event ID: 223'),(1732,'sapiens','2016-09-30 14:13:28','UPDATE TEAM AFFILIATION IN EVENT - Update Team Affiliation in event under contact: Contact ID: 36 | Event ID: 83'),(1733,'sapiens','2016-09-30 14:13:28','UPDATE EVENT - Update event under contact: Contact ID: 36 | Event ID: 83'),(1734,'sapiens','2016-09-30 14:13:46','UPDATE TEAM AFFILIATION IN EVENT - Update Team Affiliation in event under contact: Contact ID: 36 | Event ID: 50'),(1735,'sapiens','2016-09-30 14:13:46','UPDATE EVENT - Update event under contact: Contact ID: 36 | Event ID: 50'),(1736,'sapiens','2016-09-30 14:14:00','UPDATE TEAM AFFILIATION IN EVENT - Update Team Affiliation in event under contact: Contact ID: 36 | Event ID: 85'),(1737,'sapiens','2016-09-30 14:14:00','UPDATE EVENT - Update event under contact: Contact ID: 36 | Event ID: 85'),(1738,'sapiens','2016-09-30 14:14:25','DELETE EVENT - Delete event under contact: Contact ID: 36'),(1739,'sapiens','2016-09-30 14:14:33','DELETE EVENT - Delete event under contact: Contact ID: 36'),(1740,'sapiens','2016-09-30 14:14:38','DELETE EVENT - Delete event under contact: Contact ID: 36'),(1741,'sapiens','2016-09-30 14:14:42','DELETE EVENT - Delete event under contact: Contact ID: 36'),(1742,'sapiens','2016-09-30 14:14:46','DELETE EVENT - Delete event under contact: Contact ID: 36'),(1743,'sapiens','2016-09-30 14:14:49','DELETE EVENT - Delete event under contact: Contact ID: 36'),(1744,'sapiens','2016-09-30 14:14:54','DELETE EVENT - Delete event under contact: Contact ID: 36'),(1745,'sapiens','2016-09-30 14:14:58','DELETE EVENT - Delete event under contact: Contact ID: 36'),(1746,'sapiens','2016-09-30 14:15:03','DELETE EVENT - Delete event under contact: Contact ID: 36'),(1747,'sapiens','2016-09-30 14:15:07','DELETE EVENT - Delete event under contact: Contact ID: 36'),(1748,'sapiens','2016-09-30 14:15:11','DELETE EVENT - Delete event under contact: Contact ID: 36'),(1749,'sapiens','2016-09-30 14:15:26','DELETE EVENT - Delete event under contact: Contact ID: 36'),(1750,'sapiens','2016-09-30 14:15:32','DELETE EVENT - Delete event under contact: Contact ID: 36'),(1751,'sapiens','2016-09-30 14:15:37','DELETE EVENT - Delete event under contact: Contact ID: 36'),(1752,'sapiens','2016-09-30 14:15:42','DELETE EVENT - Delete event under contact: Contact ID: 36'),(1753,'sapiens','2016-09-30 14:15:50','DELETE EVENT - Delete event under contact: Contact ID: 36'),(1754,'sapiens','2016-09-30 14:16:00','DELETE EVENT - Delete event under contact: Contact ID: 36'),(1755,'sapiens','2016-09-30 14:16:05','DELETE EVENT - Delete event under contact: Contact ID: 36'),(1756,'sapiens','2016-09-30 14:16:11','DELETE EVENT - Delete event under contact: Contact ID: 36'),(1757,'sapiens','2016-09-30 14:16:25','DELETE EVENT - Delete event under contact: Contact ID: 36'),(1758,'sapiens','2016-09-30 14:16:31','DELETE EVENT - Delete event under contact: Contact ID: 36'),(1759,'sapiens','2016-09-30 14:16:39','DELETE EVENT - Delete event under contact: Contact ID: 36'),(1760,'sapiens','2016-09-30 14:16:48','DELETE EVENT - Delete event under contact: Contact ID: 36'),(1761,'sapiens','2016-09-30 14:20:32','UPDATE EVENT ROLES - Update event roles under contact: Contact ID: 36 | Event ID: 17'),(1762,'sapiens','2016-09-30 14:20:32','UPDATE EVENT - Update event under contact: Contact ID: 36 | Event ID: 17'),(1763,'sapiens','2016-09-30 14:21:45','UPDATE EVENT ROLES - Update event roles under contact: Contact ID: 36 | Event ID: 63'),(1764,'sapiens','2016-09-30 14:21:45','UPDATE EVENT - Update event under contact: Contact ID: 36 | Event ID: 63'),(1765,'sapiens','2016-09-30 14:23:13','UPDATE EVENT ROLES - Update event roles under contact: Contact ID: 36 | Event ID: 18'),(1766,'sapiens','2016-09-30 14:23:13','UPDATE EVENT - Update event under contact: Contact ID: 36 | Event ID: 18'),(1767,'sapiens','2016-09-30 14:24:06','UPDATE EVENT - Update event under contact: Contact ID: 36 | Event ID: 18'),(1768,'sapiens','2016-09-30 14:25:10','UPDATE EVENT - Update event under contact: Contact ID: 36 | Event ID: 64'),(1769,'sapiens','2016-09-30 14:25:16','UPDATE EVENT ROLES - Update event roles under contact: Contact ID: 36 | Event ID: 64'),(1770,'sapiens','2016-09-30 14:25:16','UPDATE EVENT - Update event under contact: Contact ID: 36 | Event ID: 64'),(1771,'sapiens','2016-09-30 14:26:35','DELETE ROLE - Delete role under contact: Contact ID: 36 | Event ID: 35 | Event role: Attendee'),(1772,'sapiens','2016-09-30 14:26:46','DELETE ROLE - Delete role under contact: Contact ID: 36 | Event ID: 35 | Event role: Chair'),(1773,'sapiens','2016-09-30 14:27:12','DELETE EVENT - Delete event under contact: Contact ID: 36'),(1774,'sapiens','2016-09-30 14:28:15','UPDATE EVENT - Update event under contact: Contact ID: 36 | Event ID: 19'),(1775,'sapiens','2016-09-30 14:28:21','UPDATE EVENT ROLES - Update event roles under contact: Contact ID: 36 | Event ID: 19'),(1776,'sapiens','2016-09-30 14:28:21','UPDATE EVENT - Update event under contact: Contact ID: 36 | Event ID: 19'),(1777,'sapiens','2016-09-30 14:29:36','UPDATE EVENT - Update event under contact: Contact ID: 36 | Event ID: 65'),(1778,'sapiens','2016-09-30 14:29:42','UPDATE EVENT ROLES - Update event roles under contact: Contact ID: 36 | Event ID: 65'),(1779,'sapiens','2016-09-30 14:29:42','UPDATE EVENT - Update event under contact: Contact ID: 36 | Event ID: 65'),(1780,'sapiens','2016-09-30 14:32:34','DELETE EVENT - Delete event under contact: Contact ID: 36'),(1781,'sapiens','2016-09-30 14:32:39','DELETE EVENT - Delete event under contact: Contact ID: 36'),(1782,'sapiens','2016-09-30 14:32:43','DELETE EVENT - Delete event under contact: Contact ID: 36'),(1783,'sapiens','2016-09-30 14:32:47','DELETE EVENT - Delete event under contact: Contact ID: 36'),(1784,'sapiens','2016-09-30 14:32:52','DELETE EVENT - Delete event under contact: Contact ID: 36'),(1785,'sapiens','2016-09-30 14:32:56','DELETE EVENT - Delete event under contact: Contact ID: 36'),(1786,'sapiens','2016-09-30 14:33:00','DELETE EVENT - Delete event under contact: Contact ID: 36'),(1787,'sapiens','2016-09-30 14:33:05','DELETE EVENT - Delete event under contact: Contact ID: 36'),(1788,'sapiens','2016-09-30 14:33:10','DELETE EVENT - Delete event under contact: Contact ID: 36'),(1789,'sapiens','2016-09-30 14:33:14','DELETE EVENT - Delete event under contact: Contact ID: 36'),(1790,'sapiens','2016-09-30 14:33:19','DELETE EVENT - Delete event under contact: Contact ID: 36'),(1791,'sapiens','2016-09-30 14:33:24','DELETE EVENT - Delete event under contact: Contact ID: 36'),(1792,'sapiens','2016-09-30 14:33:28','DELETE EVENT - Delete event under contact: Contact ID: 36'),(1793,'sapiens','2016-09-30 14:33:32','DELETE EVENT - Delete event under contact: Contact ID: 36'),(1794,'sapiens','2016-09-30 14:33:36','DELETE EVENT - Delete event under contact: Contact ID: 36'),(1795,'sapiens','2016-09-30 14:33:40','DELETE EVENT - Delete event under contact: Contact ID: 36'),(1796,'sapiens','2016-09-30 14:33:46','DELETE EVENT - Delete event under contact: Contact ID: 36'),(1797,'sapiens','2016-09-30 14:33:54','DELETE EVENT - Delete event under contact: Contact ID: 36'),(1798,'sapiens','2016-09-30 14:33:58','DELETE EVENT - Delete event under contact: Contact ID: 36'),(1799,'sapiens','2016-09-30 14:34:01','DELETE EVENT - Delete event under contact: Contact ID: 36'),(1800,'sapiens','2016-09-30 14:34:05','DELETE EVENT - Delete event under contact: Contact ID: 36'),(1801,'sapiens','2016-09-30 14:34:15','DELETE EVENT - Delete event under contact: Contact ID: 36'),(1802,'sapiens','2016-09-30 14:34:20','DELETE EVENT - Delete event under contact: Contact ID: 36'),(1803,'sapiens','2016-09-30 14:34:23','DELETE EVENT - Delete event under contact: Contact ID: 36'),(1804,'sapiens','2016-09-30 14:34:31','DELETE EVENT - Delete event under contact: Contact ID: 36'),(1805,'sapiens','2016-09-30 14:34:41','DELETE EVENT - Delete event under contact: Contact ID: 36'),(1806,'sapiens','2016-09-30 14:34:45','DELETE EVENT - Delete event under contact: Contact ID: 36'),(1807,'sapiens','2016-09-30 14:35:10','DELETE ROLE - Delete role under contact: Contact ID: 36 | Event ID: 136 | Event role: Baker'),(1808,'sapiens','2016-09-30 14:35:15','DELETE ROLE - Delete role under contact: Contact ID: 36 | Event ID: 136 | Event role: Presenter'),(1809,'sapiens','2016-09-30 14:35:20','DELETE ROLE - Delete role under contact: Contact ID: 36 | Event ID: 136 | Event role: Wash up'),(1810,'sapiens','2016-09-30 14:35:32','DELETE EVENT - Delete event under contact: Contact ID: 36'),(1811,'sapiens','2016-09-30 14:36:01','UPDATE EVENT - Update event under contact: Contact ID: 36 | Event ID: 173'),(1812,'sapiens','2016-09-30 14:36:32','DELETE ROLE - Delete role under contact: Contact ID: 36 | Event ID: 172 | Event role: EM'),(1813,'sapiens','2016-09-30 14:36:41','DELETE EVENT - Delete event under contact: Contact ID: 36'),(1814,'sapiens','2016-09-30 14:36:57','DELETE ROLE - Delete role under contact: Contact ID: 36 | Event ID: 137 | Event role: Baker'),(1815,'sapiens','2016-09-30 14:37:02','DELETE ROLE - Delete role under contact: Contact ID: 36 | Event ID: 137 | Event role: Presenter'),(1816,'sapiens','2016-09-30 14:37:07','DELETE ROLE - Delete role under contact: Contact ID: 36 | Event ID: 137 | Event role: Wash up'),(1817,'sapiens','2016-09-30 14:37:18','DELETE EVENT - Delete event under contact: Contact ID: 36'),(1818,'sapiens','2016-09-30 14:42:16','ADD EVENT - Add event under contact: Contact ID: 36 | Event ID: 225'),(1819,'sapiens','2016-09-30 14:43:48','ADD EVENT ROLES - Add event roles under contact: Contact ID: 36 | Event ID: 225'),(1820,'sapiens','2016-09-30 14:43:54','ADD TEAM AFFILIATION IN EVENT - Add Team Affiliation in event under contact: Contact ID: 36 | Event ID: 225'),(1821,'sapiens','2016-09-30 14:44:30','ADD EVENT - Add event under contact: Contact ID: 36 | Event ID: 226'),(1822,'sapiens','2016-09-30 14:44:35','ADD EVENT ROLES - Add event roles under contact: Contact ID: 36 | Event ID: 226'),(1823,'sapiens','2016-09-30 14:44:38','ADD TEAM AFFILIATION IN EVENT - Add Team Affiliation in event under contact: Contact ID: 36 | Event ID: 226'),(1824,'sapiens','2016-09-30 14:46:20','ADD EVENT - Add event under contact: Contact ID: 36 | Event ID: 227'),(1825,'sapiens','2016-09-30 14:46:56','ADD EVENT ROLES - Add event roles under contact: Contact ID: 36 | Event ID: 227'),(1826,'sapiens','2016-09-30 14:46:59','ADD TEAM AFFILIATION IN EVENT - Add Team Affiliation in event under contact: Contact ID: 36 | Event ID: 227'),(1827,'sapiens','2016-09-30 14:50:05','ADD EVENT - Add event under contact: Contact ID: 36 | Event ID: 228'),(1828,'sapiens','2016-09-30 14:50:13','ADD EVENT ROLES - Add event roles under contact: Contact ID: 36 | Event ID: 228'),(1829,'sapiens','2016-09-30 14:50:18','ADD TEAM AFFILIATION IN EVENT - Add Team Affiliation in event under contact: Contact ID: 36 | Event ID: 228'),(1830,'sapiens','2016-09-30 15:00:47','LOGIN - Login into system'),(1831,'sapiens','2016-09-30 15:02:37','ADD EVENT - Add event under contact: Contact ID: 36 | Event ID: 229'),(1832,'sapiens','2016-09-30 15:02:56','ADD EVENT ROLES - Add event roles under contact: Contact ID: 36 | Event ID: 229'),(1833,'sapiens','2016-09-30 15:02:58','ADD TEAM AFFILIATION IN EVENT - Add Team Affiliation in event under contact: Contact ID: 36 | Event ID: 229'),(1834,'sapiens','2016-09-30 15:03:44','ADD EVENT - Add event under contact: Contact ID: 36 | Event ID: 230'),(1835,'sapiens','2016-09-30 15:03:49','ADD EVENT ROLES - Add event roles under contact: Contact ID: 36 | Event ID: 230'),(1836,'sapiens','2016-09-30 15:03:51','ADD TEAM AFFILIATION IN EVENT - Add Team Affiliation in event under contact: Contact ID: 36 | Event ID: 230'),(1837,'sapiens','2016-09-30 15:05:28','ADD EVENT - Add event under contact: Contact ID: 36 | Event ID: 231'),(1838,'sapiens','2016-09-30 15:05:52','ADD EVENT ROLES - Add event roles under contact: Contact ID: 36 | Event ID: 231'),(1839,'sapiens','2016-09-30 15:05:56','ADD TEAM AFFILIATION IN EVENT - Add Team Affiliation in event under contact: Contact ID: 36 | Event ID: 231'),(1840,'sapiens','2016-09-30 15:07:27','UPDATE EVENT - Update event under contact: Contact ID: 36 | Event ID: 230'),(1841,'sapiens','2016-09-30 15:09:53','ADD EVENT - Add event under contact: Contact ID: 36 | Event ID: 232'),(1842,'sapiens','2016-09-30 15:10:12','ADD EVENT ROLES - Add event roles under contact: Contact ID: 36 | Event ID: 232'),(1843,'sapiens','2016-09-30 15:10:18','ADD TEAM AFFILIATION IN EVENT - Add Team Affiliation in event under contact: Contact ID: 36 | Event ID: 232'),(1844,'sapiens','2016-09-30 15:23:20','LOGIN - Login into system'),(1845,'sapiens','2016-09-30 15:24:39','DELETE ROLE - Delete role under contact: Contact ID: 36 | Event ID: 138 | Event role: Baker'),(1846,'sapiens','2016-09-30 15:24:43','DELETE ROLE - Delete role under contact: Contact ID: 36 | Event ID: 138 | Event role: Presenter'),(1847,'sapiens','2016-09-30 15:24:48','DELETE ROLE - Delete role under contact: Contact ID: 36 | Event ID: 138 | Event role: Wash up'),(1848,'sapiens','2016-09-30 15:24:54','DELETE ROLE - Delete role under contact: Contact ID: 36 | Event ID: 138 | Event role: Lighting and music'),(1849,'sapiens','2016-09-30 15:25:13','DELETE EVENT - Delete event under contact: Contact ID: 36'),(1850,'sapiens','2016-09-30 15:27:29','ADD EVENT - Add event under contact: Contact ID: 36 | Event ID: 233'),(1851,'sapiens','2016-09-30 15:28:16','ADD EVENT ROLES - Add event roles under contact: Contact ID: 36 | Event ID: 233'),(1852,'sapiens','2016-09-30 15:28:21','ADD TEAM AFFILIATION IN EVENT - Add Team Affiliation in event under contact: Contact ID: 36 | Event ID: 233'),(1853,'sapiens','2016-09-30 15:30:20','UPDATE EVENT - Update event under contact: Contact ID: 36 | Event ID: 173'),(1854,'sapiens','2016-09-30 15:31:47','ADD EVENT - Add event under contact: Contact ID: 36 | Event ID: 234'),(1855,'sapiens','2016-09-30 15:31:53','ADD EVENT ROLES - Add event roles under contact: Contact ID: 36 | Event ID: 234'),(1856,'sapiens','2016-09-30 15:31:54','ADD TEAM AFFILIATION IN EVENT - Add Team Affiliation in event under contact: Contact ID: 36 | Event ID: 234'),(1857,'sapiens','2016-09-30 15:32:24','ADD EVENT - Add event under contact: Contact ID: 36 | Event ID: 235'),(1858,'sapiens','2016-09-30 15:32:28','ADD EVENT ROLES - Add event roles under contact: Contact ID: 36 | Event ID: 235'),(1859,'sapiens','2016-09-30 15:32:31','ADD TEAM AFFILIATION IN EVENT - Add Team Affiliation in event under contact: Contact ID: 36 | Event ID: 235'),(1860,'admin1','2016-09-30 15:42:56','LOGIN - Login into system'),(1861,'heidelbergensis','2016-09-30 15:43:06','LOGIN - Login into system'),(1862,'sapiens','2016-09-30 15:43:50','LOGIN - Login into system'),(1863,'sapiens','2016-09-30 15:44:20','DELETE TEAM JOIN - Delete team join under contact: Contact ID: 49'),(1864,'sapiens','2016-09-30 15:44:34','DELETE TEAM JOIN - Delete team join under contact: Contact ID: 49'),(1865,'heidelbergensis','2016-09-30 15:45:22','LOGIN - Login into system'),(1866,'admin1','2016-09-30 15:46:22','ADD PHONE - Add phone held under contact: Contact ID: 15'),(1867,'admin1','2016-09-30 15:47:40','UPDATE PHONE - Update phone contact: Contact ID: 15'),(1868,'admin1','2016-09-30 15:48:15','UPDATE EMAIL - Update email under contact: Contact ID: 15'),(1869,'heidelbergensis','2016-09-30 15:48:50','JOIN EVENT - Join event under contact: Contact ID: 49 | Event ID: 225 | Event role ID: 307'),(1870,'admin1','2016-09-30 15:49:02','UPDATE EMAIL - Update email under contact: Contact ID: 15'),(1871,'heidelbergensis','2016-09-30 15:49:33','JOIN EVENT - Join event under contact: Contact ID: 49 | Event ID: 229 | Event role ID: 316'),(1872,'heidelbergensis','2016-09-30 15:53:09','LEAVE EVENT ROLES - Leave event roles under contact: Contact ID: 49 | Event Role ID: 51'),(1873,'heidelbergensis','2016-09-30 15:53:36','LEAVE EVENT ROLES - Leave event roles under contact: Contact ID: 49 | Event Role ID: 21'),(1874,'heidelbergensis','2016-09-30 15:53:54','LEAVE EVENT ROLES - Leave event roles under contact: Contact ID: 49 | Event Role ID: 86'),(1875,'sapiens','2016-09-30 15:56:09','LOGIN - Login into system'),(1876,'sapiens','2016-09-30 15:58:06','JOIN EVENT - Join event under contact: Contact ID: 63 | Event ID: 225 | Event role ID: 306'),(1877,'sapiens','2016-09-30 15:58:34','JOIN EVENT - Join event under contact: Contact ID: 36 | Event ID: 225 | Event role ID: 305'),(1878,'sapiens','2016-09-30 15:59:36','JOIN EVENT - Join event under contact: Contact ID: 36 | Event ID: 226 | Event role ID: 308'),(1879,'sapiens','2016-09-30 16:00:34','JOIN EVENT - Join event under contact: Contact ID: 36 | Event ID: 227 | Event role ID: 311'),(1880,'sapiens','2016-09-30 16:01:37','JOIN EVENT - Join event under contact: Contact ID: 59 | Event ID: 227 | Event role ID: 312'),(1881,'sapiens','2016-09-30 16:02:01','JOIN EVENT - Join event under contact: Contact ID: 19 | Event ID: 227 | Event role ID: 312'),(1882,'sapiens','2016-09-30 16:02:33','JOIN EVENT - Join event under contact: Contact ID: 36 | Event ID: 228 | Event role ID: 313'),(1883,'sapiens','2016-09-30 16:03:01','JOIN EVENT - Join event under contact: Contact ID: 36 | Event ID: 229 | Event role ID: 314'),(1884,'sapiens','2016-09-30 16:03:44','JOIN EVENT - Join event under contact: Contact ID: 36 | Event ID: 232 | Event role ID: 322'),(1885,'sapiens','2016-09-30 16:04:11','JOIN EVENT - Join event under contact: Contact ID: 36 | Event ID: 231 | Event role ID: 320'),(1886,'sapiens','2016-09-30 16:05:03','JOIN EVENT - Join event under contact: Contact ID: 13 | Event ID: 231 | Event role ID: 321'),(1887,'sapiens','2016-09-30 16:06:52','JOIN EVENT - Join event under contact: Contact ID: 36 | Event ID: 233 | Event role ID: 323'),(1888,'sapiens','2016-09-30 16:07:47','JOIN EVENT - Join event under contact: Contact ID: 61 | Event ID: 233 | Event role ID: 325'),(1889,'sapiens','2016-09-30 16:07:47','JOIN EVENT - Join event under contact: Contact ID: 63 | Event ID: 233 | Event role ID: 325'),(1890,'heidelbergensis','2016-09-30 16:08:59','LOGIN - Login into system'),(1891,'admin1','2016-09-30 16:15:19','UPDATE EMAIL - Update email under contact: Contact ID: 15'),(1892,'admin1','2016-09-30 16:15:28','UPDATE PHONE - Update phone contact: Contact ID: 15'),(1893,'sapiens','2016-09-30 16:16:00','LOGIN - Login into system'),(1894,'sapiens','2016-09-30 16:17:25','DELETE ROLE - Delete role under contact: Contact ID: 36 | Event ID: 139 | Event role: Baker'),(1895,'sapiens','2016-09-30 16:17:30','DELETE ROLE - Delete role under contact: Contact ID: 36 | Event ID: 139 | Event role: Presenter'),(1896,'sapiens','2016-09-30 16:17:38','DELETE ROLE - Delete role under contact: Contact ID: 36 | Event ID: 139 | Event role: Wash up'),(1897,'sapiens','2016-09-30 16:17:54','DELETE EVENT - Delete event under contact: Contact ID: 36'),(1898,'sapiens','2016-09-30 16:18:20','JOIN EVENT - Join event under contact: Contact ID: 36 | Event ID: 234 | Event role ID: 326'),(1899,'sapiens','2016-09-30 16:18:30','JOIN EVENT - Join event under contact: Contact ID: 13 | Event ID: 234 | Event role ID: 327'),(1900,'sapiens','2016-09-30 16:19:17','JOIN EVENT - Join event under contact: Contact ID: 66 | Event ID: 234 | Event role ID: 327'),(1901,'sapiens','2016-09-30 16:20:49','UPDATE EVENT ROLES - Update event roles under contact: Contact ID: 36 | Event ID: 234'),(1902,'sapiens','2016-09-30 16:20:49','UPDATE EVENT - Update event under contact: Contact ID: 36 | Event ID: 234'),(1903,'sapiens','2016-09-30 16:21:39','UPDATE EVENT ROLES - Update event roles under contact: Contact ID: 36 | Event ID: 234'),(1904,'sapiens','2016-09-30 16:21:39','UPDATE EVENT - Update event under contact: Contact ID: 36 | Event ID: 234'),(1905,'sapiens','2016-09-30 16:21:56','DELETE ROLE - Delete role under contact: Contact ID: 36 | Event ID: 234 | Event role: Graphic illustrator'),(1906,'sapiens','2016-09-30 16:22:12','JOIN EVENT - Join event under contact: Contact ID: 19 | Event ID: 234 | Event role ID: 333'),(1907,'sapiens','2016-09-30 16:23:39','UPDATE CONTACT - Update contact under contact: Contact ID: 61'),(1908,'sapiens','2016-09-30 16:24:52','UPDATE CONTACT - Update contact under contact: Contact ID: 19'),(1909,'sapiens','2016-09-30 16:25:42','UPDATE CONTACT - Update contact under contact: Contact ID: 66'),(1910,'sapiens','2016-09-30 16:26:54','UPDATE CONTACT - Update contact under contact: Contact ID: 63'),(1911,'heidelbergensis','2016-09-30 16:27:19','LOGIN - Login into system'),(1912,'heidelbergensis','2016-09-30 16:27:50','UPDATE CONTACT - Update contact under contact: Contact ID: 49'),(1913,'sapiens','2016-09-30 16:31:26','LOGIN - Login into system'),(1914,'sapiens','2016-09-30 16:33:29','UPDATE CONTACT - Update contact under contact: Contact ID: 36'),(1915,'heidelbergensis','2016-09-30 16:33:50','LOGIN - Login into system'),(1916,'admin1','2016-09-30 16:39:01','LOGIN - Login into system'),(1917,'admin1','2016-09-30 16:39:13','ADD TEAM JOIN - Add team join under contact: Contact ID: 1'),(1918,'admin1','2016-09-30 16:39:28','ADD TEAM JOIN - Add team join under contact: Contact ID: 1'),(1919,'sapiens','2016-09-30 16:39:30','LOGIN - Login into system'),(1920,'admin1','2016-09-30 16:42:29','LOGIN - Login into system'),(1921,'sapiens','2016-09-30 16:42:30','UPDATE CONTACT - Update contact under contact: Contact ID: 48'),(1922,'admin1','2016-09-30 16:43:07','ADD TEAM JOIN - Add team join under contact: Contact ID: 47'),(1923,'sapiens','2016-09-30 16:43:21','UPDATE CONTACT - Update contact under contact: Contact ID: 50'),(1924,'sapiens','2016-09-30 16:44:22','DELETE ROLE - Delete role under contact: Contact ID: 36 | Event ID: 223 | Event role: meal station volunteer'),(1925,'sapiens','2016-09-30 16:44:27','DELETE ROLE - Delete role under contact: Contact ID: 36 | Event ID: 223 | Event role: meal station volunteer'),(1926,'admin1','2016-09-30 16:45:58','LOGIN - Login into system'),(1927,'sapiens','2016-09-30 16:46:12','JOIN EVENT - Join event under contact: Contact ID: 21 | Event ID: 223 | Event role ID: 302'),(1928,'darryl1','2016-09-30 16:46:36','LOGIN - Login into system'),(1929,'sapiens','2016-09-30 16:46:42','LEAVE EVENT ROLES - Leave event roles under contact: Contact ID: 50 | Event Role ID: 69'),(1930,'sapiens','2016-09-30 16:47:33','JOIN EVENT - Join event under contact: Contact ID: 17 | Event ID: 82 | Event role ID: 69'),(1931,'sapiens','2016-09-30 16:49:49','UPDATE CONTACT - Update contact under contact: Contact ID: 21'),(1932,'admin1','2016-09-30 16:51:27','LOGIN - Login into system'),(1933,'denisovus','2016-09-30 16:54:10','LOGIN - Login into system'),(1934,'sapiens','2016-09-30 16:58:00','LOGIN - Login into system'),(1935,'sapiens','2016-09-30 16:58:26','UPDATE CONTACT - Update contact under contact: Contact ID: 51'),(1936,'sapiens','2016-09-30 16:59:43','DELETE CONTACT - Delete contact under contact: Contact ID: 51'),(1937,'sapiens','2016-09-30 17:00:00','CONTACT - Created contact: Contact ID: 74 | Name: Marigold Tan'),(1938,'sapiens','2016-09-30 17:00:11','ADD EMAIL - Add email under contact: Contact ID: 74'),(1939,'sapiens','2016-09-30 17:01:02','DELETE CONTACT - Delete contact under contact: Contact ID: 74'),(1940,'sapiens','2016-09-30 17:01:19','CONTACT - Created contact: Contact ID: 75 | Name: Marigold Tan'),(1941,'sapiens','2016-09-30 17:01:34','ADD EMAIL - Add email under contact: Contact ID: 75'),(1942,'sapiens','2016-09-30 17:01:45','ADD TEAM JOIN - Add team join under contact: Contact ID: 75'),(1943,'sapiens','2016-09-30 17:01:45','ADD TEAM JOIN - Add team join under contact: Contact ID: 75'),(1944,'sapiens','2016-09-30 17:01:45','ADD TEAM JOIN - Add team join under contact: Contact ID: 75'),(1945,'sapiens','2016-09-30 17:02:14','UPDATE EMAIL - Update email under contact: Contact ID: 75'),(1946,'sapiens','2016-09-30 17:02:14','RESEND EMAIL VERIFICATION - Send email under contact: Contact ID: 36 | TO Contact ID: 75, twc2media@gmail.com'),(1947,'sapiens','2016-09-30 17:04:16','UPDATE CONTACT - Update Contact under contact: Contact ID: 75'),(1948,'sapiens','2016-09-30 17:04:33','UPDATE TEAM JOIN - Update team join under contact: Contact ID: 75'),(1949,'afarensis','2016-09-30 17:04:57','LOGIN - Login into system'),(1950,'sapiens','2016-09-30 17:06:00','LOGIN - Login into system'),(1951,'sapiens','2016-09-30 17:06:39','UPDATE EVENT ROLES - Update event roles under contact: Contact ID: 36 | Event ID: 99'),(1952,'sapiens','2016-09-30 17:06:39','UPDATE EVENT - Update event under contact: Contact ID: 36 | Event ID: 99'),(1953,'admin1','2016-09-30 17:07:03','EXPORT - Exported phone table'),(1954,'sapiens','2016-09-30 17:07:29','UPDATE EVENT ROLES - Update event roles under contact: Contact ID: 36 | Event ID: 82'),(1955,'sapiens','2016-09-30 17:07:29','UPDATE EVENT - Update event under contact: Contact ID: 36 | Event ID: 82'),(1956,'afarensis','2016-09-30 17:08:20','LOGIN - Login into system'),(1957,'admin1','2016-09-30 17:09:30','EXPORT - Exported contact table'),(1958,'admin1','2016-09-30 17:09:34','EXPORT - Exported address table'),(1959,'admin1','2016-09-30 17:10:05','EXPORT - Exported training table'),(1960,'admin1','2016-09-30 17:10:10','EXPORT - Exported language table'),(1961,'admin1','2016-09-30 17:10:13','EXPORT - Exported event table'),(1962,'admin1','2016-09-30 17:10:19','EXPORT - Exported team join table'),(1963,'admin1','2016-09-30 17:11:49','AUDIT LOG - Access into audit log'),(1964,'admin1','2016-09-30 19:35:01','LOGIN - Login into system'),(1965,'admin1','2016-10-01 21:58:52','LOGIN - Login into system'),(1966,'heidelbergensis','2016-10-02 03:05:42','LOGIN - Login into system'),(1967,'heidelbergensis','2016-10-02 03:13:25','JOIN EVENT - Join event under contact: Contact ID: 49 | Event ID: 234 | Event role ID: 328'),(1968,'afarensis','2016-10-02 03:14:46','LOGIN - Login into system'),(1969,'afarensis','2016-10-02 03:18:41','JOIN EVENT - Join event under contact: Contact ID: 75 | Event ID: 223 | Event role ID: 302'),(1970,'admin1','2016-10-02 11:27:26','LOGIN - Login into system'),(1971,'admin1','2016-10-02 11:28:05','ADD DONATION - Add donation under contact: Contact ID: 38'),(1972,'admin1','2016-10-02 11:28:48','UPDATE DONATION - Update donation under donation: Donation ID: 6'),(1973,'admin1','2016-10-02 12:21:40','LOGIN - Login into system'),(1974,'admin1','2016-10-02 12:26:43','CONTACT - Created contact: Contact ID: 76 | Name: Hello'),(1975,'admin1','2016-10-02 12:27:54','DELETE CONTACT - Delete contact under contact: Contact ID: 76'),(1976,'christine2','2016-10-03 14:00:23','LOGIN - Login into system'),(1977,'admin1','2016-10-03 14:38:10','LOGIN - Login into system'),(1978,'admin1','2016-10-03 14:39:13','CONTACT - Created contact: Contact ID: 77 | Name: Testing'),(1979,'admin1','2016-10-03 14:39:22','ADD PHONE - Add phone held under contact: Contact ID: 77'),(1980,'admin1','2016-10-03 14:39:34','ADD EMAIL - Add email under contact: Contact ID: 77'),(1981,'admin1','2016-10-03 14:39:54','ADD ADDRESS - Add address under contact: Contact ID: 77'),(1982,'admin1','2016-10-03 14:40:00','ADD TEAM JOIN - Add team join under contact: Contact ID: 77'),(1983,'admin1','2016-10-03 14:40:00','ADD TEAM JOIN - Add team join under contact: Contact ID: 77'),(1984,'admin1','2016-10-03 14:40:06','ADD LANGUAGE - Add language under contact: Contact ID: 77'),(1985,'admin1','2016-10-03 14:49:18','AUDIT LOG - Access into audit log'),(1986,'admin1','2016-10-03 14:54:01','ADD EVENT - Add event under contact: Contact ID: 1 | Event ID: 236'),(1987,'admin1','2016-10-03 14:54:01','ADD EVENT - Add event under contact: Contact ID: 1 | Event ID: 237'),(1988,'admin1','2016-10-03 14:54:01','ADD EVENT - Add event under contact: Contact ID: 1 | Event ID: 238'),(1989,'admin1','2016-10-03 14:54:11','ADD EVENT ROLES - Add event roles under contact: Contact ID: 1 | Event ID: 236'),(1990,'admin1','2016-10-03 14:54:11','ADD EVENT ROLES - Add event roles under contact: Contact ID: 1 | Event ID: 237'),(1991,'admin1','2016-10-03 14:54:11','ADD EVENT ROLES - Add event roles under contact: Contact ID: 1 | Event ID: 238'),(1992,'admin1','2016-10-03 14:54:21','ADD TEAM AFFILIATION IN EVENT - Add Team Affiliation in event under contact: Contact ID: 1 | Event ID: 236'),(1993,'admin1','2016-10-03 14:54:21','ADD TEAM AFFILIATION IN EVENT - Add Team Affiliation in event under contact: Contact ID: 1 | Event ID: 237'),(1994,'admin1','2016-10-03 14:54:21','ADD TEAM AFFILIATION IN EVENT - Add Team Affiliation in event under contact: Contact ID: 1 | Event ID: 238'),(1995,'admin1','2016-10-03 14:55:09','UPDATE EVENT ROLES - Update event roles under contact: Contact ID: 1 | Event ID: 238'),(1996,'admin1','2016-10-03 14:55:09','UPDATE EVENT - Update event under contact: Contact ID: 1 | Event ID: 238'),(1997,'darryl1','2016-10-03 16:23:50','LOGIN - Login into system'),(1998,'darryl1','2016-10-03 16:24:02','DELETE EVENT - Delete event under contact: Contact ID: 13'),(1999,'admin1','2016-10-03 17:12:43','LOGIN - Login into system'),(2000,'patmeyerdev','2016-10-04 01:42:40','LOGIN - Login into system'),(2001,'patmeyerdev','2016-10-04 01:48:37','ADD EVENT - Add event under contact: Contact ID: 69 | Event ID: 239'),(2002,'patmeyerdev','2016-10-04 02:53:55','ADD EVENT ROLES - Add event roles under contact: Contact ID: 69 | Event ID: 239'),(2003,'patmeyerdev','2016-10-04 02:54:33','ADD TEAM AFFILIATION IN EVENT - Add Team Affiliation in event under contact: Contact ID: 69 | Event ID: 239'),(2004,'patmeyerdev','2016-10-04 03:25:59','LOGIN - Login into system'),(2005,'patmeyerdev','2016-10-04 03:26:30','JOIN EVENT - Join event under contact: Contact ID: 69 | Event ID: 239 | Event role ID: 343'),(2006,'patmeyerdev','2016-10-04 05:12:12','LOGIN - Login into system'),(2007,'patmeyerdev','2016-10-04 05:21:22','ADD EVENT - Add event under contact: Contact ID: 69 | Event ID: 240'),(2008,'patmeyerdev','2016-10-04 08:58:04','LOGIN - Login into system'),(2009,'admin1','2016-10-04 10:19:39','LOGIN - Login into system'),(2010,'admin1','2016-10-04 10:25:12','AUDIT LOG - Access into audit log'),(2011,'admin1','2016-10-04 15:13:33','LOGIN - Login into system'),(2012,'admin1','2016-10-04 15:18:52','UPDATE EVENT - Update event under contact: Contact ID: 1 | Event ID: 22'),(2013,'admin1','2016-10-04 15:28:03','LOGIN - Login into system'),(2014,'admin1','2016-10-04 15:33:22','LOGIN - Login into system'),(2015,'admin1','2016-10-04 16:16:23','LOGIN - Login into system'),(2016,'admin1','2016-10-04 18:22:04','LOGIN - Login into system'),(2017,'admin1','2016-10-04 18:23:57','LOGIN - Login into system'),(2018,'darryl1','2016-10-04 20:39:26','LOGIN - Login into system'),(2019,'darryl1','2016-10-04 20:39:28','LOGIN - Login into system'),(2020,'darryl1','2016-10-04 20:39:35','LOGIN - Login into system'),(2021,'darryl1','2016-10-04 20:39:37','LOGIN - Login into system'),(2022,'darryl1','2016-10-04 20:39:37','LOGIN - Login into system'),(2023,'darryl1','2016-10-04 20:39:37','LOGIN - Login into system'),(2024,'darryl1','2016-10-04 20:39:37','LOGIN - Login into system'),(2025,'darryl1','2016-10-04 20:39:38','LOGIN - Login into system'),(2026,'darryl1','2016-10-04 20:39:38','LOGIN - Login into system'),(2027,'admin1','2016-10-04 20:39:42','LOGIN - Login into system'),(2028,'admin1','2016-10-04 21:19:27','LOGIN - Login into system'),(2029,'darryl1','2016-10-04 21:19:44','LOGIN - Login into system'),(2030,'darryl1','2016-10-04 21:20:21','ADD EVENT - Add event under contact: Contact ID: 13 | Event ID: 241'),(2031,'darryl1','2016-10-04 21:20:21','ADD EVENT - Add event under contact: Contact ID: 13 | Event ID: 242'),(2032,'darryl1','2016-10-04 21:20:21','ADD EVENT - Add event under contact: Contact ID: 13 | Event ID: 243'),(2033,'darryl1','2016-10-04 21:20:21','ADD EVENT - Add event under contact: Contact ID: 13 | Event ID: 244'),(2034,'darryl1','2016-10-04 21:20:21','ADD EVENT - Add event under contact: Contact ID: 13 | Event ID: 245'),(2035,'darryl1','2016-10-04 21:20:26','ADD EVENT ROLES - Add event roles under contact: Contact ID: 13 | Event ID: 241'),(2036,'darryl1','2016-10-04 21:20:26','ADD EVENT ROLES - Add event roles under contact: Contact ID: 13 | Event ID: 242'),(2037,'darryl1','2016-10-04 21:20:26','ADD EVENT ROLES - Add event roles under contact: Contact ID: 13 | Event ID: 243'),(2038,'darryl1','2016-10-04 21:20:26','ADD EVENT ROLES - Add event roles under contact: Contact ID: 13 | Event ID: 244'),(2039,'darryl1','2016-10-04 21:20:26','ADD EVENT ROLES - Add event roles under contact: Contact ID: 13 | Event ID: 245'),(2040,'darryl1','2016-10-04 21:20:29','ADD TEAM AFFILIATION IN EVENT - Add Team Affiliation in event under contact: Contact ID: 13 | Event ID: 241'),(2041,'darryl1','2016-10-04 21:20:29','ADD TEAM AFFILIATION IN EVENT - Add Team Affiliation in event under contact: Contact ID: 13 | Event ID: 242'),(2042,'darryl1','2016-10-04 21:20:29','ADD TEAM AFFILIATION IN EVENT - Add Team Affiliation in event under contact: Contact ID: 13 | Event ID: 243'),(2043,'darryl1','2016-10-04 21:20:29','ADD TEAM AFFILIATION IN EVENT - Add Team Affiliation in event under contact: Contact ID: 13 | Event ID: 244'),(2044,'darryl1','2016-10-04 21:20:29','ADD TEAM AFFILIATION IN EVENT - Add Team Affiliation in event under contact: Contact ID: 13 | Event ID: 245'),(2045,'admin1','2016-10-04 21:21:45','LOGIN - Login into system'),(2046,'admin1','2016-10-04 21:22:10','DELETE EVENT - Delete event under contact: Contact ID: 1'),(2047,'admin1','2016-10-04 21:22:32','DELETE EVENT - Delete event under contact: Contact ID: 1'),(2048,'admin1','2016-10-04 21:22:54','LOGIN - Login into system'),(2049,'admin1','2016-10-04 21:23:27','UPDATE TEAM JOIN - Update team join under contact: Contact ID: 64'),(2050,'admin1','2016-10-04 21:23:35','UPDATE TEAM JOIN - Update team join under contact: Contact ID: 64'),(2051,'admin1','2016-10-04 21:23:49','UPDATE TEAM JOIN - Update team join under contact: Contact ID: 64'),(2052,'marcus2','2016-10-04 21:24:09','LOGIN - Login into system'),(2053,'marcus2','2016-10-04 21:24:39','ADD EVENT - Add event under contact: Contact ID: 64 | Event ID: 246'),(2054,'marcus2','2016-10-04 21:24:47','ADD EVENT ROLES - Add event roles under contact: Contact ID: 64 | Event ID: 246'),(2055,'marcus2','2016-10-04 21:24:52','ADD TEAM AFFILIATION IN EVENT - Add Team Affiliation in event under contact: Contact ID: 64 | Event ID: 246'),(2056,'marcus2','2016-10-04 21:25:18','ADD EVENT - Add event under contact: Contact ID: 64 | Event ID: 247'),(2057,'marcus2','2016-10-04 21:25:23','ADD EVENT ROLES - Add event roles under contact: Contact ID: 64 | Event ID: 247'),(2058,'marcus2','2016-10-04 21:25:30','ADD TEAM AFFILIATION IN EVENT - Add Team Affiliation in event under contact: Contact ID: 64 | Event ID: 247'),(2059,'admin1','2016-10-04 21:27:31','UPDATE CONTACT - Update contact under contact: Contact ID: 77'),(2060,'admin1','2016-10-04 21:28:40','ADD EVENT - Add event under contact: Contact ID: 1 | Event ID: 248'),(2061,'admin1','2016-10-04 21:28:40','ADD EVENT - Add event under contact: Contact ID: 1 | Event ID: 249'),(2062,'admin1','2016-10-04 21:28:40','ADD EVENT - Add event under contact: Contact ID: 1 | Event ID: 250'),(2063,'admin1','2016-10-04 21:28:43','ADD EVENT ROLES - Add event roles under contact: Contact ID: 1 | Event ID: 248'),(2064,'admin1','2016-10-04 21:28:43','ADD EVENT ROLES - Add event roles under contact: Contact ID: 1 | Event ID: 249'),(2065,'admin1','2016-10-04 21:28:43','ADD EVENT ROLES - Add event roles under contact: Contact ID: 1 | Event ID: 250'),(2066,'admin1','2016-10-04 21:28:48','ADD TEAM AFFILIATION IN EVENT - Add Team Affiliation in event under contact: Contact ID: 1 | Event ID: 248'),(2067,'admin1','2016-10-04 21:28:48','ADD TEAM AFFILIATION IN EVENT - Add Team Affiliation in event under contact: Contact ID: 1 | Event ID: 249'),(2068,'admin1','2016-10-04 21:28:48','ADD TEAM AFFILIATION IN EVENT - Add Team Affiliation in event under contact: Contact ID: 1 | Event ID: 250'),(2069,'darryl1','2016-10-04 21:29:39','JOIN EVENT - Join event under contact: Contact ID: 13 | Event ID: 243 | Event role ID: 347'),(2070,'darryl1','2016-10-04 21:30:17','JOIN EVENT - Join event under contact: Contact ID: 13 | Event ID: 248 | Event role ID: 352'),(2071,'patmeyerdev','2016-10-04 23:19:18','LOGIN - Login into system'),(2072,'admin1','2016-10-04 23:48:34','LOGIN - Login into system'),(2073,'admin1','2016-10-04 23:59:26','LOGIN - Login into system'),(2074,'sapiens','2016-10-05 00:02:27','LOGIN - Login into system'),(2075,'patmeyerdev','2016-10-05 00:51:12','LOGIN - Login into system'),(2076,'admin1','2016-10-05 12:54:14','LOGIN - Login into system'),(2077,'admin1','2016-10-05 13:05:48','LOGIN - Login into system'),(2078,'admin1','2016-10-05 13:13:26','LOGIN - Login into system'),(2079,'admin1','2016-10-05 13:17:22','LOGIN - Login into system'),(2080,'admin1','2016-10-05 13:18:30','LOGIN - Login into system'),(2081,'admin1','2016-10-05 13:21:26','LOGIN - Login into system'),(2082,'admin1','2016-10-05 13:26:15','LOGIN - Login into system'),(2083,'admin1','2016-10-05 13:31:52','LOGIN - Login into system'),(2084,'admin1','2016-10-05 13:34:13','LOGIN - Login into system'),(2085,'admin1','2016-10-05 13:36:35','LOGIN - Login into system'),(2086,'admin1','2016-10-05 13:38:23','LOGIN - Login into system'),(2087,'admin1','2016-10-05 13:53:42','LOGIN - Login into system'),(2088,'admin1','2016-10-05 14:04:20','LOGIN - Login into system'),(2089,'admin1','2016-10-05 14:05:48','ADD EVENT - Add event under contact: Contact ID: 1 | Event ID: 251'),(2090,'admin1','2016-10-05 14:05:48','ADD EVENT - Add event under contact: Contact ID: 1 | Event ID: 252'),(2091,'admin1','2016-10-05 14:05:48','ADD EVENT - Add event under contact: Contact ID: 1 | Event ID: 253'),(2092,'admin1','2016-10-05 14:05:48','ADD EVENT - Add event under contact: Contact ID: 1 | Event ID: 254'),(2093,'admin1','2016-10-05 14:05:48','ADD EVENT - Add event under contact: Contact ID: 1 | Event ID: 255'),(2094,'admin1','2016-10-05 14:05:48','ADD EVENT - Add event under contact: Contact ID: 1 | Event ID: 256'),(2095,'admin1','2016-10-05 14:05:48','ADD EVENT - Add event under contact: Contact ID: 1 | Event ID: 257'),(2096,'admin1','2016-10-05 14:05:48','ADD EVENT - Add event under contact: Contact ID: 1 | Event ID: 258'),(2097,'admin1','2016-10-05 14:05:48','ADD EVENT - Add event under contact: Contact ID: 1 | Event ID: 259'),(2098,'admin1','2016-10-05 14:05:48','ADD EVENT - Add event under contact: Contact ID: 1 | Event ID: 260'),(2099,'admin1','2016-10-05 14:05:52','ADD EVENT ROLES - Add event roles under contact: Contact ID: 1 | Event ID: 251'),(2100,'admin1','2016-10-05 14:05:52','ADD EVENT ROLES - Add event roles under contact: Contact ID: 1 | Event ID: 252'),(2101,'admin1','2016-10-05 14:05:52','ADD EVENT ROLES - Add event roles under contact: Contact ID: 1 | Event ID: 253'),(2102,'admin1','2016-10-05 14:05:52','ADD EVENT ROLES - Add event roles under contact: Contact ID: 1 | Event ID: 254'),(2103,'admin1','2016-10-05 14:05:52','ADD EVENT ROLES - Add event roles under contact: Contact ID: 1 | Event ID: 255'),(2104,'admin1','2016-10-05 14:05:52','ADD EVENT ROLES - Add event roles under contact: Contact ID: 1 | Event ID: 256'),(2105,'admin1','2016-10-05 14:05:52','ADD EVENT ROLES - Add event roles under contact: Contact ID: 1 | Event ID: 257'),(2106,'admin1','2016-10-05 14:05:52','ADD EVENT ROLES - Add event roles under contact: Contact ID: 1 | Event ID: 258'),(2107,'admin1','2016-10-05 14:05:52','ADD EVENT ROLES - Add event roles under contact: Contact ID: 1 | Event ID: 259'),(2108,'admin1','2016-10-05 14:05:52','ADD EVENT ROLES - Add event roles under contact: Contact ID: 1 | Event ID: 260'),(2109,'admin1','2016-10-05 14:05:56','ADD TEAM AFFILIATION IN EVENT - Add Team Affiliation in event under contact: Contact ID: 1 | Event ID: 251'),(2110,'admin1','2016-10-05 14:05:57','ADD TEAM AFFILIATION IN EVENT - Add Team Affiliation in event under contact: Contact ID: 1 | Event ID: 252'),(2111,'admin1','2016-10-05 14:05:57','ADD TEAM AFFILIATION IN EVENT - Add Team Affiliation in event under contact: Contact ID: 1 | Event ID: 253'),(2112,'admin1','2016-10-05 14:05:57','ADD TEAM AFFILIATION IN EVENT - Add Team Affiliation in event under contact: Contact ID: 1 | Event ID: 254'),(2113,'admin1','2016-10-05 14:05:57','ADD TEAM AFFILIATION IN EVENT - Add Team Affiliation in event under contact: Contact ID: 1 | Event ID: 255'),(2114,'admin1','2016-10-05 14:05:57','ADD TEAM AFFILIATION IN EVENT - Add Team Affiliation in event under contact: Contact ID: 1 | Event ID: 256'),(2115,'admin1','2016-10-05 14:05:57','ADD TEAM AFFILIATION IN EVENT - Add Team Affiliation in event under contact: Contact ID: 1 | Event ID: 257'),(2116,'admin1','2016-10-05 14:05:57','ADD TEAM AFFILIATION IN EVENT - Add Team Affiliation in event under contact: Contact ID: 1 | Event ID: 258'),(2117,'admin1','2016-10-05 14:05:57','ADD TEAM AFFILIATION IN EVENT - Add Team Affiliation in event under contact: Contact ID: 1 | Event ID: 259'),(2118,'admin1','2016-10-05 14:05:57','ADD TEAM AFFILIATION IN EVENT - Add Team Affiliation in event under contact: Contact ID: 1 | Event ID: 260'),(2119,'admin1','2016-10-05 14:15:00','LOGIN - Login into system'),(2120,'admin1','2016-10-05 14:17:27','LOGIN - Login into system'),(2121,'admin1','2016-10-05 14:20:28','LOGIN - Login into system'),(2122,'admin1','2016-10-05 14:26:14','LOGIN - Login into system'),(2123,'admin1','2016-10-05 14:27:13','LOGIN - Login into system'),(2124,'admin1','2016-10-05 14:32:53','CONTACT - Created contact: Contact ID: 78 | Name: Thao pok'),(2125,'admin1','2016-10-05 14:38:02','LOGIN - Login into system'),(2126,'admin1','2016-10-05 14:38:38','DELETE CONTACT - Delete contact under contact: Contact ID: 78'),(2127,'admin1','2016-10-05 15:00:24','LOGIN - Login into system'),(2128,'admin1','2016-10-05 15:31:56','LOGIN - Login into system'),(2129,'huxleygoh','2016-10-05 15:32:56','LOGIN - Login into system'),(2130,'admin1','2016-10-05 15:33:24','CONTACT - Created contact: Contact ID: 79 | Name: Darryl Ah Ma'),(2131,'huxleygoh','2016-10-05 15:33:29','UPDATE TEAM JOIN - Update team join under contact: Contact ID: 11'),(2132,'admin1','2016-10-05 15:33:34','ADD TEAM JOIN - Add team join under contact: Contact ID: 79'),(2133,'huxleygoh','2016-10-05 15:33:52','ADD TEAM JOIN - Add team join under contact: Contact ID: 11'),(2134,'admin1','2016-10-05 15:34:05','LOGIN - Login into system'),(2135,'admin1','2016-10-05 15:34:27','UPDATE TEAM JOIN - Update team join under contact: Contact ID: 11'),(2136,'admin1','2016-10-05 15:34:34','DELETE TEAM JOIN - Delete team join under contact: Contact ID: 11'),(2137,'admin1','2016-10-05 15:34:36','UPDATE TEAM JOIN - Update team join under contact: Contact ID: 79'),(2138,'huxleygoh','2016-10-05 15:34:48','LOGIN - Login into system'),(2139,'admin1','2016-10-05 15:37:14','DELETE EVENT - Delete event under contact: Contact ID: 1'),(2140,'admin1','2016-10-05 15:37:25','DELETE EVENT - Delete event under contact: Contact ID: 1'),(2141,'admin1','2016-10-05 15:37:30','DELETE EVENT - Delete event under contact: Contact ID: 1'),(2142,'admin1','2016-10-05 15:37:35','DELETE EVENT - Delete event under contact: Contact ID: 1'),(2143,'admin1','2016-10-05 15:37:54','LOGIN - Login into system'),(2144,'admin1','2016-10-05 18:28:56','LOGIN - Login into system'),(2145,'admin1','2016-10-05 18:29:24','UPDATE TEAM JOIN - Update team join under contact: Contact ID: 15'),(2146,'admin1','2016-10-05 18:29:28','ADD TEAM JOIN - Add team join under contact: Contact ID: 15'),(2147,'tansihao','2016-10-05 18:29:45','LOGIN - Login into system'),(2148,'tansihao','2016-10-05 18:30:27','UPDATE CONTACT - Update contact under contact: Contact ID: 15'),(2149,'tansihao','2016-10-06 10:27:22','LOGIN - Login into system'),(2150,'admin1','2016-10-06 10:35:16','LOGIN - Login into system'),(2151,'admin1','2016-10-06 10:36:19','LOGIN - Login into system'),(2152,'admin1','2016-10-06 10:36:53','LOGIN - Login into system'),(2153,'admin1','2016-10-06 10:42:13','LOGIN - Login into system'),(2154,'marcus2','2016-10-06 10:52:21','LOGIN - Login into system'),(2155,'admin1','2016-10-06 10:54:07','LOGIN - Login into system'),(2156,'tansihao','2016-10-06 10:54:22','JOIN EVENT - Join event under contact: Contact ID: 15 | Event ID: 22 | Event role ID: 26'),(2157,'admin1','2016-10-06 10:54:51','UPDATE TEAM JOIN - Update team join under contact: Contact ID: 64'),(2158,'admin1','2016-10-06 10:54:58','UPDATE TEAM JOIN - Update team join under contact: Contact ID: 64'),(2159,'admin1','2016-10-06 10:55:06','UPDATE TEAM JOIN - Update team join under contact: Contact ID: 64'),(2160,'marcus2','2016-10-06 10:55:20','LOGIN - Login into system'),(2161,'admin1','2016-10-06 10:55:52','LOGIN - Login into system'),(2162,'tansihao','2016-10-06 10:56:13','ADD EVENT - Add event under contact: Contact ID: 15 | Event ID: 261'),(2163,'admin1','2016-10-06 10:56:17','ADD TEAM JOIN - Add team join under contact: Contact ID: 64'),(2164,'tansihao','2016-10-06 10:56:27','ADD EVENT ROLES - Add event roles under contact: Contact ID: 15 | Event ID: 261'),(2165,'tansihao','2016-10-06 10:56:38','ADD TEAM AFFILIATION IN EVENT - Add Team Affiliation in event under contact: Contact ID: 15 | Event ID: 261'),(2166,'tansihao','2016-10-06 10:57:57','JOIN EVENT - Join event under contact: Contact ID: 79 | Event ID: 251 | Event role ID: 355'),(2167,'marcus2','2016-10-06 10:59:50','JOIN EVENT - Join event under contact: Contact ID: 64 | Event ID: 261 | Event role ID: 365'),(2168,'tansihao','2016-10-06 11:00:11','JOIN EVENT - Join event under contact: Contact ID: 79 | Event ID: 261 | Event role ID: 365'),(2169,'tansihao','2016-10-06 11:01:44','LEAVE EVENT ROLES - Leave event roles under contact: Contact ID: 64 | Event Role ID: 365'),(2170,'tansihao','2016-10-06 11:13:56','LOGIN - Login into system'),(2171,'tansihao','2016-10-06 11:23:14','LEAVE EVENT ROLES - Leave event roles under contact: Contact ID: 79 | Event Role ID: 355'),(2172,'admin1','2016-10-06 11:53:49','LOGIN - Login into system'),(2173,'admin1','2016-10-06 11:56:13','ADD EVENT - Add event under contact: Contact ID: 1 | Event ID: 262'),(2174,'admin1','2016-10-06 11:56:46','ADD EVENT ROLES - Add event roles under contact: Contact ID: 1 | Event ID: 262'),(2175,'admin1','2016-10-06 11:56:50','ADD TEAM AFFILIATION IN EVENT - Add Team Affiliation in event under contact: Contact ID: 1 | Event ID: 262'),(2176,'admin1','2016-10-06 11:59:00','LOGIN - Login into system'),(2177,'admin1','2016-10-06 12:00:27','ADD EVENT - Add event under contact: Contact ID: 1 | Event ID: 263'),(2178,'admin1','2016-10-06 12:00:43','ADD EVENT ROLES - Add event roles under contact: Contact ID: 1 | Event ID: 263'),(2179,'tansihao','2016-10-06 12:00:45','LOGIN - Login into system'),(2180,'admin1','2016-10-06 12:00:46','ADD TEAM AFFILIATION IN EVENT - Add Team Affiliation in event under contact: Contact ID: 1 | Event ID: 263'),(2181,'admin1','2016-10-06 12:01:13','DELETE TEAM JOIN - Delete team join under contact: Contact ID: 15'),(2182,'admin1','2016-10-06 12:02:25','ADD EVENT - Add event under contact: Contact ID: 1 | Event ID: 264'),(2183,'admin1','2016-10-06 12:02:25','ADD EVENT - Add event under contact: Contact ID: 1 | Event ID: 265'),(2184,'admin1','2016-10-06 12:02:25','ADD EVENT - Add event under contact: Contact ID: 1 | Event ID: 266'),(2185,'admin1','2016-10-06 12:02:25','ADD EVENT - Add event under contact: Contact ID: 1 | Event ID: 267'),(2186,'admin1','2016-10-06 12:02:25','ADD EVENT - Add event under contact: Contact ID: 1 | Event ID: 268'),(2187,'admin1','2016-10-06 12:02:31','ADD EVENT ROLES - Add event roles under contact: Contact ID: 1 | Event ID: 264'),(2188,'admin1','2016-10-06 12:02:31','ADD EVENT ROLES - Add event roles under contact: Contact ID: 1 | Event ID: 265'),(2189,'admin1','2016-10-06 12:02:31','ADD EVENT ROLES - Add event roles under contact: Contact ID: 1 | Event ID: 266'),(2190,'admin1','2016-10-06 12:02:31','ADD EVENT ROLES - Add event roles under contact: Contact ID: 1 | Event ID: 267'),(2191,'admin1','2016-10-06 12:02:31','ADD EVENT ROLES - Add event roles under contact: Contact ID: 1 | Event ID: 268'),(2192,'admin1','2016-10-06 12:02:37','ADD TEAM AFFILIATION IN EVENT - Add Team Affiliation in event under contact: Contact ID: 1 | Event ID: 264'),(2193,'admin1','2016-10-06 12:02:37','ADD TEAM AFFILIATION IN EVENT - Add Team Affiliation in event under contact: Contact ID: 1 | Event ID: 265'),(2194,'admin1','2016-10-06 12:02:37','ADD TEAM AFFILIATION IN EVENT - Add Team Affiliation in event under contact: Contact ID: 1 | Event ID: 266'),(2195,'admin1','2016-10-06 12:02:37','ADD TEAM AFFILIATION IN EVENT - Add Team Affiliation in event under contact: Contact ID: 1 | Event ID: 267'),(2196,'admin1','2016-10-06 12:02:37','ADD TEAM AFFILIATION IN EVENT - Add Team Affiliation in event under contact: Contact ID: 1 | Event ID: 268'),(2197,'admin1','2016-10-06 12:03:46','ADD EVENT - Add event under contact: Contact ID: 1 | Event ID: 269'),(2198,'admin1','2016-10-06 12:03:59','ADD EVENT ROLES - Add event roles under contact: Contact ID: 1 | Event ID: 269'),(2199,'admin1','2016-10-06 12:04:03','ADD TEAM AFFILIATION IN EVENT - Add Team Affiliation in event under contact: Contact ID: 1 | Event ID: 269'),(2200,'admin1','2016-10-06 12:04:33','ADD EVENT - Add event under contact: Contact ID: 1 | Event ID: 270'),(2201,'admin1','2016-10-06 12:04:33','ADD EVENT - Add event under contact: Contact ID: 1 | Event ID: 271'),(2202,'admin1','2016-10-06 12:04:33','ADD EVENT - Add event under contact: Contact ID: 1 | Event ID: 272'),(2203,'admin1','2016-10-06 12:04:33','ADD EVENT - Add event under contact: Contact ID: 1 | Event ID: 273'),(2204,'admin1','2016-10-06 12:04:36','ADD EVENT ROLES - Add event roles under contact: Contact ID: 1 | Event ID: 270'),(2205,'admin1','2016-10-06 12:04:36','ADD EVENT ROLES - Add event roles under contact: Contact ID: 1 | Event ID: 271'),(2206,'admin1','2016-10-06 12:04:36','ADD EVENT ROLES - Add event roles under contact: Contact ID: 1 | Event ID: 272'),(2207,'admin1','2016-10-06 12:04:36','ADD EVENT ROLES - Add event roles under contact: Contact ID: 1 | Event ID: 273'),(2208,'admin1','2016-10-06 12:04:38','ADD TEAM AFFILIATION IN EVENT - Add Team Affiliation in event under contact: Contact ID: 1 | Event ID: 270'),(2209,'admin1','2016-10-06 12:04:38','ADD TEAM AFFILIATION IN EVENT - Add Team Affiliation in event under contact: Contact ID: 1 | Event ID: 271'),(2210,'admin1','2016-10-06 12:04:38','ADD TEAM AFFILIATION IN EVENT - Add Team Affiliation in event under contact: Contact ID: 1 | Event ID: 272'),(2211,'admin1','2016-10-06 12:04:38','ADD TEAM AFFILIATION IN EVENT - Add Team Affiliation in event under contact: Contact ID: 1 | Event ID: 273'),(2212,'tansihao','2016-10-06 12:04:42','JOIN EVENT - Join event under contact: Contact ID: 15 | Event ID: 262 | Event role ID: 366'),(2213,'admin1','2016-10-06 12:12:57','LOGIN - Login into system'),(2214,'admin1','2016-10-06 12:13:43','AUDIT LOG - Access into audit log'),(2215,'marcus2','2016-10-06 12:14:19','LOGIN - Login into system'),(2216,'marcus2','2016-10-06 12:15:02','ADD PROFILE PICTURE - Add PROFILE PICTURE under contact: Contact ID: 64'),(2217,'admin1','2016-10-06 12:16:13','LOGIN - Login into system'),(2218,'marcus2','2016-10-06 12:22:02','LOGIN - Login into system'),(2219,'admin1','2016-10-06 12:27:53','ADD EVENT - Add event under contact: Contact ID: 1 | Event ID: 274'),(2220,'admin1','2016-10-06 12:28:05','ADD EVENT ROLES - Add event roles under contact: Contact ID: 1 | Event ID: 274'),(2221,'admin1','2016-10-06 12:28:22','ADD TEAM AFFILIATION IN EVENT - Add Team Affiliation in event under contact: Contact ID: 1 | Event ID: 274'),(2222,'marcus2','2016-10-06 12:28:40','LOGIN - Login into system'),(2223,'marcus2','2016-10-06 12:28:56','JOIN EVENT - Join event under contact: Contact ID: 64 | Event ID: 274 | Event role ID: 380'),(2224,'marcus2','2016-10-06 12:29:29','LOGIN - Login into system'),(2225,'admin1','2016-10-06 12:33:01','LOGIN - Login into system'),(2226,'tansihao','2016-10-06 12:33:27','LOGIN - Login into system'),(2227,'admin1','2016-10-06 12:34:10','ADD DONATION - Add donation under contact: Contact ID: 64'),(2228,'admin1','2016-10-06 12:37:29','LOGIN - Login into system'),(2229,'admin1','2016-10-06 12:39:08','ADD DONATION - Add donation under contact: Contact ID: 14'),(2230,'marcus2','2016-10-06 12:40:50','JOIN EVENT - Join event under contact: Contact ID: 64 | Event ID: 269 | Event role ID: 375'),(2231,'tansihao','2016-10-06 12:44:06','ADD EVENT - Add event under contact: Contact ID: 15 | Event ID: 275'),(2232,'tansihao','2016-10-06 12:44:06','ADD EVENT - Add event under contact: Contact ID: 15 | Event ID: 276'),(2233,'tansihao','2016-10-06 12:44:11','ADD EVENT ROLES - Add event roles under contact: Contact ID: 15 | Event ID: 275'),(2234,'tansihao','2016-10-06 12:44:11','ADD EVENT ROLES - Add event roles under contact: Contact ID: 15 | Event ID: 276'),(2235,'tansihao','2016-10-06 12:44:22','ADD TEAM AFFILIATION IN EVENT - Add Team Affiliation in event under contact: Contact ID: 15 | Event ID: 275'),(2236,'tansihao','2016-10-06 12:44:22','ADD TEAM AFFILIATION IN EVENT - Add Team Affiliation in event under contact: Contact ID: 15 | Event ID: 276'),(2237,'tansihao','2016-10-06 12:45:17','UPDATE EVENT - Update event under contact: Contact ID: 15 | Event ID: 275'),(2238,'tansihao','2016-10-06 12:46:17','JOIN EVENT - Join event under contact: Contact ID: 79 | Event ID: 275 | Event role ID: 382'),(2239,'admin1','2016-10-06 12:46:41','LOGIN - Login into system'),(2240,'marcus2','2016-10-06 12:47:02','JOIN EVENT - Join event under contact: Contact ID: 64 | Event ID: 275 | Event role ID: 382'),(2241,'admin1','2016-10-06 13:01:28','LOGIN - Login into system'),(2242,'admin1','2016-10-06 13:03:01','ADD DONATION - Add donation under contact: Contact ID: 62'),(2243,'admin1','2016-10-06 13:03:14','UPDATE DONATION - Update donation under donation: Donation ID: 9'),(2244,'admin1','2016-10-06 13:03:49','UPDATE DONATION - Update donation under donation: Donation ID: 9'),(2245,'admin1','2016-10-06 13:10:18','LOGIN - Login into system'),(2246,'admin1','2016-10-06 13:26:54','LOGIN - Login into system'),(2247,'admin1','2016-10-06 13:27:55','UPDATE CONTACT - Update contact under contact: Contact ID: 79'),(2248,'tansihao','2016-10-06 13:28:09','LOGIN - Login into system'),(2249,'admin1','2016-10-06 13:28:14','ADD DONATION - Add donation under contact: Contact ID: 79'),(2250,'tansihao','2016-10-06 13:28:22','JOIN EVENT - Join event under contact: Contact ID: 15 | Event ID: 275 | Event role ID: 382'),(2251,'admin1','2016-10-06 13:29:54','LOGIN - Login into system'),(2252,'marcus2','2016-10-06 13:30:12','LOGIN - Login into system'),(2253,'marcus2','2016-10-06 13:30:31','ADD PROFILE PICTURE - Add PROFILE PICTURE under contact: Contact ID: 64'),(2254,'admin1','2016-10-06 13:30:37','LOGIN - Login into system'),(2255,'admin1','2016-10-06 14:02:03','LOGIN - Login into system'),(2256,'tansihao','2016-10-06 14:02:30','LOGIN - Login into system'),(2257,'marcus2','2016-10-06 14:07:26','LOGIN - Login into system'),(2258,'marcus2','2016-10-06 14:08:03','JOIN EVENT - Join event under contact: Contact ID: 64 | Event ID: 270 | Event role ID: 376'),(2259,'marcus2','2016-10-06 14:08:22','LEAVE EVENT ROLES - Leave event roles under contact: Contact ID: 64 | Event Role ID: 376'),(2260,'marcus2','2016-10-06 14:17:10','LOGIN - Login into system'),(2261,'marcus2','2016-10-06 14:17:37','JOIN EVENT - Join event under contact: Contact ID: 64 | Event ID: 265 | Event role ID: 371'),(2262,'marcus2','2016-10-06 14:17:51','LEAVE EVENT ROLES - Leave event roles under contact: Contact ID: 64 | Event Role ID: 371'),(2263,'marcus2','2016-10-06 14:18:01','LEAVE EVENT ROLES - Leave event roles under contact: Contact ID: 64 | Event Role ID: 375'),(2264,'marcus2','2016-10-06 14:18:09','LEAVE EVENT ROLES - Leave event roles under contact: Contact ID: 64 | Event Role ID: 382'),(2265,'marcus2','2016-10-06 14:18:15','LEAVE EVENT ROLES - Leave event roles under contact: Contact ID: 64 | Event Role ID: 380'),(2266,'tansihao','2016-10-06 14:18:33','LOGIN - Login into system'),(2267,'tansihao','2016-10-06 14:19:49','ADD EVENT - Add event under contact: Contact ID: 15 | Event ID: 293'),(2268,'tansihao','2016-10-06 14:19:49','ADD EVENT - Add event under contact: Contact ID: 15 | Event ID: 294'),(2269,'tansihao','2016-10-06 14:19:56','ADD EVENT ROLES - Add event roles under contact: Contact ID: 15 | Event ID: 293'),(2270,'tansihao','2016-10-06 14:19:56','ADD EVENT ROLES - Add event roles under contact: Contact ID: 15 | Event ID: 294'),(2271,'tansihao','2016-10-06 14:20:03','ADD TEAM AFFILIATION IN EVENT - Add Team Affiliation in event under contact: Contact ID: 15 | Event ID: 293'),(2272,'tansihao','2016-10-06 14:20:03','ADD TEAM AFFILIATION IN EVENT - Add Team Affiliation in event under contact: Contact ID: 15 | Event ID: 294'),(2273,'marcus2','2016-10-06 14:20:22','LOGIN - Login into system'),(2274,'tansihao','2016-10-06 14:20:38','LOGIN - Login into system'),(2275,'tansihao','2016-10-06 14:20:52','JOIN EVENT - Join event under contact: Contact ID: 79 | Event ID: 293 | Event role ID: 404'),(2276,'marcus2','2016-10-06 14:21:34','LOGIN - Login into system'),(2277,'marcus2','2016-10-06 14:21:42','JOIN EVENT - Join event under contact: Contact ID: 64 | Event ID: 293 | Event role ID: 404'),(2278,'tansihao','2016-10-06 14:21:55','LOGIN - Login into system'),(2279,'marcus2','2016-10-06 14:22:22','LOGIN - Login into system'),(2280,'marcus2','2016-10-06 14:22:47','LEAVE EVENT ROLES - Leave event roles under contact: Contact ID: 64 | Event Role ID: 404'),(2281,'tansihao','2016-10-06 14:52:48','LOGIN - Login into system'),(2282,'marcus2','2016-10-06 14:56:01','LOGIN - Login into system'),(2283,'marcus2','2016-10-06 14:56:21','JOIN EVENT - Join event under contact: Contact ID: 64 | Event ID: 270 | Event role ID: 376'),(2284,'marcus2','2016-10-06 14:56:31','LEAVE EVENT ROLES - Leave event roles under contact: Contact ID: 64 | Event Role ID: 376'),(2285,'tansihao','2016-10-06 14:57:58','ADD EVENT - Add event under contact: Contact ID: 15 | Event ID: 295'),(2286,'tansihao','2016-10-06 14:58:02','ADD EVENT ROLES - Add event roles under contact: Contact ID: 15 | Event ID: 295'),(2287,'tansihao','2016-10-06 14:58:19','ADD TEAM AFFILIATION IN EVENT - Add Team Affiliation in event under contact: Contact ID: 15 | Event ID: 295'),(2288,'marcus2','2016-10-06 14:58:46','JOIN EVENT - Join event under contact: Contact ID: 64 | Event ID: 295 | Event role ID: 406'),(2289,'tansihao','2016-10-06 14:59:48','JOIN EVENT - Join event under contact: Contact ID: 79 | Event ID: 295 | Event role ID: 406'),(2290,'marcus2','2016-10-06 15:01:10','LEAVE EVENT ROLES - Leave event roles under contact: Contact ID: 64 | Event Role ID: 406'),(2291,'admin1','2016-10-06 15:02:53','LOGIN - Login into system'),(2292,'admin1','2016-10-06 15:13:01','LOGIN - Login into system'),(2293,'admin1','2016-10-06 15:13:16','LEAVE EVENT ROLES - Leave event roles under contact: Contact ID: 79 | Event Role ID: 406'),(2294,'admin1','2016-10-06 15:13:39','DELETE ROLE - Delete role under contact: Contact ID: 1 | Event ID: 295 | Event role: MC'),(2295,'admin1','2016-10-06 15:13:50','DELETE EVENT - Delete event under contact: Contact ID: 1'),(2296,'admin1','2016-10-06 18:26:16','LOGIN - Login into system'),(2297,'admin1','2016-10-06 18:26:37','LEAVE EVENT ROLES - Leave event roles under contact: Contact ID: 79 | Event Role ID: 404'),(2298,'marcus2','2016-10-06 18:38:14','LOGIN - Login into system'),(2299,'admin1','2016-10-06 22:16:28','LOGIN - Login into system'),(2300,'admin1','2016-10-07 08:25:36','LOGIN - Login into system'),(2301,'admin1','2016-10-07 08:29:20','LOGIN - Login into system'),(2302,'admin1','2016-10-07 08:36:06','LOGIN - Login into system'),(2303,'tansihao','2016-10-07 08:36:45','LOGIN - Login into system'),(2304,'marcus2','2016-10-07 09:20:33','LOGIN - Login into system'),(2305,'marcus2','2016-10-07 09:20:51','JOIN EVENT - Join event under contact: Contact ID: 64 | Event ID: 270 | Event role ID: 376'),(2306,'tansihao','2016-10-07 09:22:51','ADD EVENT - Add event under contact: Contact ID: 15 | Event ID: 296'),(2307,'tansihao','2016-10-07 09:22:51','ADD EVENT - Add event under contact: Contact ID: 15 | Event ID: 297'),(2308,'tansihao','2016-10-07 09:22:51','ADD EVENT - Add event under contact: Contact ID: 15 | Event ID: 298'),(2309,'tansihao','2016-10-07 09:23:00','ADD EVENT ROLES - Add event roles under contact: Contact ID: 15 | Event ID: 296'),(2310,'tansihao','2016-10-07 09:23:00','ADD EVENT ROLES - Add event roles under contact: Contact ID: 15 | Event ID: 297'),(2311,'tansihao','2016-10-07 09:23:00','ADD EVENT ROLES - Add event roles under contact: Contact ID: 15 | Event ID: 298'),(2312,'tansihao','2016-10-07 09:23:15','ADD TEAM AFFILIATION IN EVENT - Add Team Affiliation in event under contact: Contact ID: 15 | Event ID: 296'),(2313,'tansihao','2016-10-07 09:23:15','ADD TEAM AFFILIATION IN EVENT - Add Team Affiliation in event under contact: Contact ID: 15 | Event ID: 297'),(2314,'tansihao','2016-10-07 09:23:15','ADD TEAM AFFILIATION IN EVENT - Add Team Affiliation in event under contact: Contact ID: 15 | Event ID: 298'),(2315,'marcus2','2016-10-07 09:23:36','JOIN EVENT - Join event under contact: Contact ID: 64 | Event ID: 296 | Event role ID: 407'),(2316,'tansihao','2016-10-07 09:26:02','JOIN EVENT - Join event under contact: Contact ID: 79 | Event ID: 296 | Event role ID: 407'),(2317,'marcus2','2016-10-07 09:26:54','LEAVE EVENT ROLES - Leave event roles under contact: Contact ID: 64 | Event Role ID: 407'),(2318,'tansihao','2016-10-07 09:27:37','UPDATE EVENT - Update event under contact: Contact ID: 15 | Event ID: 296'),(2319,'admin1','2016-10-07 09:36:24','LOGIN - Login into system'),(2320,'admin1','2016-10-07 17:19:05','LOGIN - Login into system'),(2321,'admin1','2016-10-07 17:19:30','UPDATE TEAM JOIN - Update team join under contact: Contact ID: 13'),(2322,'darryl1','2016-10-07 17:19:43','LOGIN - Login into system'),(2323,'darryl1','2016-10-07 17:20:02','ADD EVENT - Add event under contact: Contact ID: 13 | Event ID: 299'),(2324,'darryl1','2016-10-07 17:20:06','ADD EVENT ROLES - Add event roles under contact: Contact ID: 13 | Event ID: 299'),(2325,'admin1','2016-10-07 18:44:48','LOGIN - Login into system'),(2326,'admin1','2016-10-07 18:45:32','AUDIT LOG - Access into audit log'),(2327,'admin1','2016-10-07 20:14:28','LOGIN - Login into system'),(2328,'darryl1','2016-10-13 21:08:30','LOGIN - Login into system'),(2329,'darryl1','2016-10-13 21:09:00','UPDATE TEAM JOIN - Update team join under contact: Contact ID: 13'),(2330,'darryl1','2016-10-13 21:09:10','LOGIN - Login into system'),(2331,'admin1','2016-10-13 21:11:06','LOGIN - Login into system'),(2332,'admin1','2016-10-13 21:11:24','UPDATE TEAM JOIN - Update team join under contact: Contact ID: 13'),(2333,'darryl1','2016-10-13 21:11:35','LOGIN - Login into system'),(2334,'darryl1','2016-10-13 21:12:19','UPDATE TEAM JOIN - Update team join under contact: Contact ID: 13'),(2335,'darryl1','2016-10-13 21:12:30','LOGIN - Login into system'),(2336,'admin1','2016-10-13 21:13:37','LOGIN - Login into system'),(2337,'admin1','2016-10-13 21:13:59','UPDATE TEAM JOIN - Update team join under contact: Contact ID: 13'),(2338,'darryl1','2016-10-13 21:14:08','LOGIN - Login into system'),(2339,'admin1','2016-10-13 21:15:38','LOGIN - Login into system'),(2340,'admin1','2016-10-14 13:52:23','LOGIN - Login into system');
/*!40000 ALTER TABLE `AUDITLOG` ENABLE KEYS */;

--
-- Table structure for table `CONTACT`
--

DROP TABLE IF EXISTS `CONTACT`;
/*!40101 SET @saved_cs_client     = @@character_set_client */;
/*!40101 SET character_set_client = utf8 */;
CREATE TABLE `CONTACT` (
  `CONTACT_ID` int(11) NOT NULL AUTO_INCREMENT,
  `CONTACT_TYPE` varchar(50) NOT NULL,
  `USERNAME` varchar(50) DEFAULT NULL,
  `PASSWORD` char(44) DEFAULT NULL,
  `SALT` char(12) DEFAULT NULL,
  `ISADMIN` tinyint(1) DEFAULT '0',
  `ISNOVICE` tinyint(1) DEFAULT '1',
  `DEACTIVATED` tinyint(1) DEFAULT '0',
  `DATE_CREATED` datetime NOT NULL,
  `CREATED_BY` varchar(50) NOT NULL,
  `NAME` varchar(50) DEFAULT NULL,
  `ALT_NAME` varchar(50) DEFAULT NULL,
  `EXPLAIN_IF_OTHER` varchar(200) DEFAULT NULL,
  `PROFESSION` varchar(200) DEFAULT NULL,
  `JOB_TITLE` varchar(50) DEFAULT NULL,
  `NRIC_FIN` varchar(9) DEFAULT NULL,
  `GENDER` varchar(1) DEFAULT NULL,
  `NATIONALITY` varchar(20) DEFAULT NULL,
  `DATE_OF_BIRTH` date DEFAULT NULL,
  `PROFILE_PIC` varchar(500) DEFAULT NULL,
  `REMARKS` varchar(1000) DEFAULT NULL,
  `NOTIFICATION` tinyint(1) DEFAULT '1',
  `LAST_LOGIN` datetime DEFAULT NULL,
  PRIMARY KEY (`CONTACT_ID`)
) ENGINE=InnoDB AUTO_INCREMENT=2322 DEFAULT CHARSET=utf8;
/*!40101 SET character_set_client = @saved_cs_client */;

--
-- Dumping data for table `CONTACT`
--

/*!40000 ALTER TABLE `CONTACT` DISABLE KEYS */;
INSERT INTO `CONTACT` VALUES (1,'TWC2','admin1','GwvbMoaGY9yVMnOiMfujehEdmE7jLDXX8DZAM1uUcTw=','1/rqffBv5u4=',1,0,0,'2016-05-24 23:00:00','admin','System Admin','Admin','','IT','TSO','S1234567A','M','Singapore','1977-02-22','','',1,NULL),(11,'Individual','huxleygoh','MOwzzsnRNlX+k2r+p2U1EyIoOCDV+frlU1tcF1E6NnE=','NxUZPVRNr58=',0,0,0,'2016-09-14 17:27:48','admin1','Huxley',NULL,NULL,NULL,NULL,NULL,NULL,NULL,NULL,'./images/c99d813df5c64dda9985ebd3ac3e26d3.jpg',NULL,1,NULL),(12,'Individual','marcus1','7ZXVsh+Q1YVZ9BGb+PYh65rDnfcAE5GwJyKc04lLgX8=','Uz4tCBzzIlQ=',0,0,0,'2016-09-14 17:28:57','admin1','Marcus Ong','Mong','Not Other','Student','Undergraduate','S9241950I','M','Singaporean','1992-11-05','./images/d2228aff063c49ec8717a5aa4bcf0363.jpg','Testing account',1,NULL),(13,'Individual','darryl1','1/C4qlu3rz7lsBVbENYKiV/UKMkUBaEUOxaA7STrDpE=','H8F9g0smKCQ=',0,0,0,'2016-09-14 17:29:47','admin1','Darryl Mok',NULL,'So it did happen. The Juno spacecraft really did reach Jupiter. JunoCam, the electronic ph 100 chrs. Otographer affixed to the NASA spacecraft that locked into Jupiter’s orbit on July 4, has 200 chrs.','Student','Project Manager','S9310180D','M','Singaporean','1993-03-28','/images/3bc27ff26d8840e0913e88d3e06358ec.jpg','So it did happen. The Juno spacecraft really did reach Jupiter. JunoCam, the electronic ph 100 chrs. Otographer affixed to the NASA spacecraft that locked into Jupiter’s orbit on July 4, has 200 chrs. Now met the bar set in the Instagram age. (Pics or it didn’t happen.) The images transmitted back to Earth after Juno began orbiting Jupiter now confirm the beginning of the space probe’s 20-month mission around the solar system’s largest planet. Until now, Juno’s nascent path around Jupi 500 chrs.',1,NULL),(14,'Individual','thaonguyen','V7hUV/OA9CSrHi84hy2dgsccjCzw3qDVfiOCEZ4NnnE=','3YoB+W95+aE=',0,0,0,'2016-09-14 17:30:33','admin1','Nguyen Phuong Thao',NULL,NULL,NULL,NULL,NULL,NULL,NULL,'2001-08-15','/images/eeb2b987eb94439fbf449403e8a74272.jpg',NULL,1,NULL),(15,'Individual','tansihao','XJsM1m356gsq4ZabkujHndahhKAcxS2Bm2nxXe6A9Bc=','86mLkI20wts=',0,0,0,'2016-09-14 17:36:13','admin1','Tan Si Hao','Dylan Tan','I got no other type','Student','Student','S9111111A','M','Singapore','2008-01-01','/images/d1155ba47de946b4b2c59bb1fe962d36.jpg','I got no remarks',0,NULL),(16,'Individual',NULL,NULL,NULL,0,1,0,'2016-09-14 19:09:55','admin1','Gabriel Tan','Gab',NULL,'Soldier','3rd Sergeant','S1234567K','M','Singaporean','2016-08-29',NULL,NULL,1,NULL),(17,'Individual','debbie1','OyqjoPg9YfSdOyf8hi48Fw5aPr1O1mQIv7a++z429Mc=','n788l4yHwhA=',0,0,0,'2016-09-14 19:12:34','admin1','Debbie','DF',NULL,NULL,NULL,NULL,NULL,NULL,NULL,'./images/55dc38462aca4f79978fbb501fc87016.jpg',NULL,1,NULL),(18,'Individual','bill1','9fpZ/EPA0Xpt+70iwazdKQUyulXfP2ag6NaO7NVqt9Q=','LvkmhKnVnqQ=',0,0,0,'2016-09-14 19:12:49','admin1','Bill Wang',NULL,NULL,'Student','Volunteer',NULL,'M','American','1995-10-10','./images/52753ee9513b46008c1c824013b49659.jpg',NULL,0,NULL),(19,'Individual','minyi1','qzqaSyD1d5GH6w3GGDuQY5NVT2BQ3bZj3JU5BPN7FrA=','oq08hLZESUw=',0,0,0,'2016-09-14 19:13:25','admin1','Lee Min Hian',NULL,NULL,NULL,NULL,NULL,NULL,NULL,NULL,'./images/65185de01b754018ae449c2656548ab6.jpg',NULL,0,NULL),(21,'Individual','leong1','DIdrQm81WG6G4oxqoHZX1UQciW8MN3mdYF1w5N6+ewM=','e9xCfKNuitQ=',1,0,0,'2016-09-14 19:15:17','admin1','Yvonne K Lim',NULL,NULL,'Busy Body','This Job','S1234567H','M','Singapore citizen','1967-08-07','./images/a29fb2c0db6449afa885aec05eae2bf5.jpg',NULL,0,NULL),(22,'Individual','miguel1','HlDzqpnF5hTch6d+lksKFuNed0Oxf7ikW3vKw+bjkp0=','8WTy9asdt1E=',0,0,0,'2016-09-14 19:16:39','Admin1','Miguel Pina',NULL,NULL,NULL,NULL,NULL,'M','South African',NULL,'./images/b2229df1cd0c4d1ab59a2a52ebac3cb4.jpg',NULL,0,NULL),(23,'Individual',NULL,NULL,NULL,0,0,0,'2016-09-14 20:25:05','admin1','papaya_tester2','tester','Explaination','student suxs','smu student','s9123123D','O','Singaporean','2000-03-11',NULL,'remarks column',1,NULL),(24,'Individual',NULL,NULL,NULL,0,1,0,'2016-09-14 20:25:05','admin1','papaya_tester3','tester','Explaination','student suxs','smu student','s9123123D','O','Singaporean','2000-03-11',NULL,'remarks column',1,NULL),(25,'Individual',NULL,NULL,NULL,0,0,0,'2016-09-14 20:25:05','admin1','papaya_tester4','tester','Explaination','student suxs','smu student','s9123123D','O','Singaporean','2008-03-11',NULL,'remarks column',1,NULL),(27,'Individual',NULL,NULL,NULL,0,1,0,'2016-09-17 16:33:21','admin1','Bahamas',NULL,NULL,NULL,NULL,NULL,NULL,NULL,NULL,NULL,NULL,1,NULL),(32,'Individual',NULL,NULL,NULL,0,0,0,'2016-09-19 08:49:49','admin1','team1','tester','Explaination','student suxs','smu student','s9123123D','O','Singaporean','2000-03-11',NULL,'remarks column',1,NULL),(33,'Individual',NULL,NULL,NULL,0,1,0,'2016-09-19 08:49:49','admin1','team2','tester','Explaination','student suxs','smu student','s9123123D','O','Singaporean','2000-03-11',NULL,'remarks column',1,NULL),(34,'Individual',NULL,NULL,NULL,0,0,0,'2016-09-19 08:49:49','admin1','team3','tester','Explaination','student suxs','smu student','s9123123D','O','Singaporean','2000-03-11',NULL,'remarks column',1,NULL),(35,'Individual',NULL,NULL,NULL,0,0,0,'2016-09-19 08:49:49','admin1','team4','tester','Explaination','student suxs','smu student','s9123123D','O','Singaporean','2008-03-11',NULL,'remarks column',1,NULL),(36,'Individual','sapiens','WvesJIOJpvrwJlOU8iRvYw8Sa/k76Vod49FfSCGQHyg=','xmvCzFQz5Fs=',1,0,0,'2016-09-19 11:26:43','admin1','Zhao Ruijin',NULL,'History has seen some monstrous eruptions of volcanoes, from Mount Pinatubo\'s weather-cooling burp to the explosion of Mt. Tambora','Tamo professi','Tamo job','H1234554S','M','Singapore','1973-08-25','/images/9a19550da96d4bf19077911f2c2b57d4.jpg','The power of such eruptions is measured using the Volcanic Explosivity Index (VEI) a classification system developed in the 1980 that\'s somewhat akin to the magnitude scale for earthquakes. The scale goes from 1 to 8, and each succeeding VEI is 10 times greater than the last.',0,NULL),(37,'Individual',NULL,NULL,NULL,0,1,0,'2016-09-19 12:56:23','admin1','speed tester',NULL,NULL,NULL,NULL,NULL,NULL,NULL,NULL,NULL,NULL,1,NULL),(38,'Individual',NULL,NULL,NULL,0,1,0,'2016-09-19 13:21:36','admin1','Bug Bunny',NULL,NULL,NULL,NULL,'S9310180D',NULL,NULL,NULL,NULL,NULL,1,NULL),(39,'Individual',NULL,NULL,NULL,0,1,0,'2016-09-19 13:43:37','admin1','team pref',NULL,NULL,NULL,NULL,NULL,NULL,NULL,NULL,NULL,NULL,1,NULL),(40,'Individual',NULL,NULL,NULL,0,1,0,'2016-09-19 14:25:33','darryl1','testing','alt testing name','explaining','student','project manager','S9310180D','F','Singaporean','2016-08-29',NULL,'testing',0,NULL),(41,'Individual',NULL,NULL,NULL,0,1,0,'2016-09-19 14:35:08','darryl1','event leader test',NULL,NULL,NULL,NULL,'S9310180D',NULL,NULL,NULL,NULL,NULL,1,NULL),(42,'Individual',NULL,NULL,NULL,0,1,0,'2016-09-19 14:53:24','darryl1','Contact1',NULL,NULL,NULL,NULL,'S9312180D',NULL,NULL,NULL,NULL,NULL,1,NULL),(43,'Individual',NULL,NULL,NULL,0,1,0,'2016-09-20 12:27:46','darryl1','test',NULL,NULL,NULL,NULL,NULL,NULL,NULL,NULL,NULL,NULL,1,NULL),(44,'Individual',NULL,NULL,NULL,0,1,0,'2016-09-20 12:28:53','darryl1','test',NULL,NULL,NULL,NULL,NULL,NULL,NULL,NULL,NULL,NULL,1,NULL),(45,'Individual',NULL,NULL,NULL,0,1,0,'2016-09-20 13:17:02','marcus1','thao thao',NULL,NULL,NULL,NULL,NULL,NULL,NULL,NULL,NULL,'NIL',1,NULL),(46,'Individual',NULL,NULL,NULL,0,1,0,'2016-09-20 15:12:08','darryl1','test',NULL,NULL,NULL,NULL,NULL,NULL,NULL,NULL,NULL,NULL,0,NULL),(47,'Individual','neanderthalis','+MX7xiVBOUVYO7gVIJwsf51tRo0J8ZnLoyzI6qNzIs0=','1YAJdXJBeKM=',0,0,0,'2016-09-20 15:42:18','sapiens','Homo Neanderthalis',NULL,'The low price of oil is allowing cargo vessels to avoid the costly tariffs of the Suez and Panama canals','Beggar','Chief beggar','E4568112W','O','Singapore','2003-05-29','/images/e6262791e76b46c2b0336db3d99e5b3a.jpg','Construction began in April 1859, and at first digging was done by hand with picks and shovels wielded by forced laborers. Later, European workers with dredgers and steam shovels arrived. Labor disputes and a cholera epidemic slowed construction, and the Suez Canal was not completed until 1869–four years behind schedule. On November 17, 1869, the Suez Canal was opened to navigation. Ferdinand de Lesseps would later attempt, unsuccessfully, to build a canal across the Isthmus of Panama.',0,NULL),(48,'Individual','denisovus','nNlEjJFnaj7j/ZTHLQfRwL+CRpcSUD6HNJ6oVecuG5Q=','ZxxUXh1zOik=',0,0,0,'2016-09-20 15:45:38','sapiens','Denis Hong',NULL,'Construction began in April 1859, and at first digging was done by hand with picks and shovels wielded by forced laborers. Later, European workers with dredgers and steam shovels arrived. Labor','Poker player','Poker trainer','Q9807707H','M','Australia','1963-06-19','/images/092b73c9aba343a9bebaedc0f8adb33b.jpg','When it opened, the Suez Canal was only 25 feet deep, 72 feet wide at the bottom, and 200 to 300 feet wide at the surface. Consequently, fewer than 500 ships navigated it in its first full year of operation. Major improvements began in 1876, however, and the canal soon grew into the one of the world’s most heavily traveled shipping lanes. In 1875, Great Britain became the largest shareholder in the Suez Canal Company when it bought up the stock of the new Ottoman governor of Egypt.',0,NULL),(49,'Individual','heidelbergensis','lWPQRildKhH0ON0FsSaNmJjogFuaAQBXe4tiJO0jF3Q=','rJhGD5HmFzw=',0,0,0,'2016-09-20 15:48:01','sapiens','Oswald Yeoh',NULL,'When it opened, the Suez Canal was only 25 feet deep, 72 feet wide at the bottom, and 200 to','Roofer','Managing Director','K9707950G','M','New Zealand','1989-09-27','/images/5df360facbb04d569abe590b8016ca2b.jpg','When it opened, the Suez Canal was only 25 feet deep, 72 feet wide at the bottom, and 200 to 300 feet wide at the surface. Consequently, fewer than 500 ships navigated it in its first full year of operation. Major improvements began in 1876, however, and the canal soon grew into the one of the world’s most heavily traveled shipping lanes. In 1875, Great Britain became the largest shareholder in the Suez Canal Company when it bought up the stock of the new Ottoman governor of Egypt.',0,NULL),(50,'Individual','erectus','3x8N08Jwuwxn+TeWOYTouZ+hwY1wU6RbcYjPDDUd8Wk=','oEjklKh55hw=',0,0,0,'2016-09-20 15:50:52','sapiens','Emma Soon',NULL,'In 1875, Great Britain became the largest shareholder in the Suez Canal Company when it bought up the stock of the new Ottoman governor of Egypt.','Interpreter','Court interpreter','A9704886Y','F','Afghanistan','1964-05-04','/images/60a8aec17645409a8f39e61d1244704d.jpg','Ten years later, Egypt shut down the canal again following the Six Day War and Israel’s occupation of the Sinai Peninsula. For the next eight years, the Suez Canal, which separates the Sinai from the rest of Egypt, existed as the front line between the Egyptian and Israeli armies. In 1975, Egyptian President Anwar el-Sadat reopened the Suez Canal as a gesture of peace after talks with Israel. Today, an average of 50 ships navigate the canal daily, carrying more than 300 million tons of goods a year.',0,NULL),(59,'Individual','jill2','cGfqbXtJ8YAjUh5NAJxZy9CuopscTns/kqsOSt1a4Ro=','bsY7qeZckSA=',0,0,0,'2016-09-21 17:17:31','denisovus','Jill Ratnam',NULL,NULL,NULL,NULL,NULL,NULL,NULL,NULL,'/images/76aa1b3be96a41a496bc289678e41ac3.jpg',NULL,0,NULL),(61,'Individual','christine2','XEDtGNqRVy/S+Fy/LO15j97kk7I+UYKzhbjNzdvHc1g=','qGGVpoISj7Y=',0,0,0,'2016-09-21 17:17:45','neanderthalis','Chris Pettigaw',NULL,NULL,NULL,NULL,NULL,NULL,NULL,NULL,'/images/a3dcc4a8915f4c22973701527c33ed15.jpg',NULL,0,NULL),(62,'Individual','hana2','OAQAYS36LCqgzgza5vtRDKN5kTL6EtAiwxdq9TVPo3Q=','DInn7QqINZ4=',0,0,0,'2016-09-21 17:17:56','debbie1','Hana',NULL,NULL,NULL,NULL,NULL,NULL,NULL,NULL,'/images/95f7913a17bc480680b7f90374259b50.jpg',NULL,0,NULL),(63,'Individual','russell2','pNwXUzcjIMaoXSDKoX62w29CbVLXMJ/T4e4lFKoODo8=','YItHxVuoGOI=',0,0,0,'2016-09-21 17:17:59','Minyi1','Ross McTaggart',NULL,NULL,NULL,NULL,NULL,NULL,NULL,NULL,'/images/0aabc3dd16ca41ee8a19b3b20c643d68.jpg',NULL,0,NULL),(64,'Individual','marcus2','OIUKw1Sfhp/EnxTthI/dq+MDjsEonFe8r0il5eRW0o4=','P429o5Ng9es=',0,0,0,'2016-09-21 17:18:26','admin1','Marcus','mong',NULL,'Student','Undergraduate','S9123457K','M','Singaporean','1992-11-05','./images/102f1c62583642c799544853f5c56859.jpg','Remarks!',0,NULL),(65,'Individual',NULL,NULL,NULL,0,1,0,'2016-09-21 17:18:57','Minyi1','Test',NULL,NULL,NULL,NULL,NULL,NULL,NULL,NULL,NULL,NULL,0,NULL),(66,'Individual','rashiqa2','FdCrZiGsvQzmRt/cLtky1WyiW7dTuD0aJ4hYzHwNnoo=','VnQf4Xwb25Y=',0,0,0,'2016-09-21 17:19:31','Minyi1','Richard Quek',NULL,NULL,NULL,NULL,NULL,NULL,NULL,NULL,'/images/920296307f3e409da11637b8472b8870.jpg',NULL,0,NULL),(67,'Individual',NULL,NULL,NULL,0,1,0,'2016-09-22 14:08:29','neanderthalis','Gayathri',NULL,NULL,NULL,NULL,NULL,NULL,NULL,NULL,NULL,NULL,0,NULL),(68,'Individual','santaclaus','VlCmBB84hE/XxF1KeQ5aSsViLDHPQrL6gTFmLW5DujU=','5hFONIVNmgo=',0,0,0,'2016-09-22 17:09:34','sapiens','Santa Claus',NULL,NULL,'Cheer giver','Delivery man at Christmas','S9040777D','M','Singapore','1990-06-12','/images/244cbc7d5cd643e1b55234c91a3a62c4.jpg','For Min Yi\'s training of TCRP volunteers',0,NULL),(69,'Individual','patmeyerdev','gXFDuzQRSB+FRE0e9AibgN9J6ilxWKYzt6sAT+C2DhA=','pWTB5Di2dvc=',0,0,0,'2016-09-23 20:17:27','sapiens','Pat Meyer Dev',NULL,NULL,NULL,NULL,NULL,NULL,NULL,NULL,'/images/268523ec133045c589810b4cd05d3a0f.jpg',NULL,0,NULL),(70,'Medical',NULL,NULL,NULL,0,1,0,'2016-09-26 14:50:53','sapiens','Richmond Dental Clinic',NULL,'egadv ufhd o gtia djva dfw edfa dgsrhdh bd','w4yw r hsfhf','fgdjyo yuhb',NULL,NULL,NULL,NULL,NULL,'Feuxcvb arones m sdav girehsjd kgaesmuui owoe sagiwre jgav. Inxumea biscosjp 9380 ye ogius ejadf iad esau fgeasho weso geinusta sjed ufa seraps foos gisaj iesdgev sadbeva sedbd ugrera jfo yajfesig baxb tev',0,NULL),(71,'Individual',NULL,NULL,NULL,0,1,0,'2016-09-26 15:58:21','Sapiens','Gavin yeoh',NULL,'Test of create contact using handphone','Dog trainer','Asst dog trainer','R3344676f','M','France','1982-06-25',NULL,'Remarkaraba',0,NULL),(72,'Individual',NULL,NULL,NULL,0,1,0,'2016-09-28 13:39:03','sapiens','gautam_two',NULL,NULL,NULL,NULL,NULL,NULL,NULL,NULL,NULL,NULL,0,NULL),(75,'Individual','afarensis','a7YXDWovuv5Stt6UciNBMSz/kLK1MQ1WdRgJ7QdHDDs=','zT4/PdTesio=',0,0,0,'2016-09-30 17:01:19','sapiens','Marigold Tan',NULL,NULL,NULL,NULL,NULL,'F',NULL,NULL,'/images/51928a0c7e5a4ce78e8c5b2f1701d0c3.jpg',NULL,0,NULL),(77,'Media abroad',NULL,NULL,NULL,0,1,0,'2016-10-03 14:39:13','admin1','Testing','123',NULL,'Student','Tester','S9312180D','M','Singaporean','2016-09-06',NULL,NULL,0,NULL),(79,'Individual',NULL,NULL,NULL,0,0,0,'2016-10-05 15:33:24','admin1','Huxley Ah Ma',NULL,NULL,NULL,NULL,NULL,NULL,NULL,NULL,NULL,NULL,0,NULL);
/*!40000 ALTER TABLE `CONTACT` ENABLE KEYS */;

--
-- Table structure for table `DONATION`
--

DROP TABLE IF EXISTS `DONATION`;
/*!40101 SET @saved_cs_client     = @@character_set_client */;
/*!40101 SET character_set_client = utf8 */;
CREATE TABLE `DONATION` (
  `DONATION_ID` int(11) NOT NULL AUTO_INCREMENT,
  `CONTACT_ID` int(11) NOT NULL,
  `DATE_CREATED` datetime NOT NULL,
  `CREATED_BY` varchar(50) NOT NULL,
  `DATE_RECEIVED` date NOT NULL,
  `DONATION_AMOUNT` decimal(13,2) NOT NULL,
  `PAYMENT_MODE_NAME` varchar(50) NOT NULL,
  `EXPLAIN_IF_OTHER_PAYMENT` varchar(200) DEFAULT NULL,
  `EXT_TRANSACTION_REF` varchar(50) DEFAULT NULL,
  `RECEIPT_NUMBER` varchar(50) DEFAULT NULL,
  `RECEIPT_DATE` date DEFAULT NULL,
  `RECEIPT_MODE_NAME` varchar(50) DEFAULT NULL,
  `EXPLAIN_IF_OTHER_RECEIPT` varchar(200) DEFAULT NULL,
  `DONOR_INSTRUCTIONS` varchar(1000) DEFAULT NULL,
  `ALLOCATION_1` varchar(200) DEFAULT NULL,
  `SUBAMOUNT_1` decimal(13,2) DEFAULT NULL,
  `ALLOCATION_2` varchar(200) DEFAULT NULL,
  `SUBAMOUNT_2` decimal(13,2) DEFAULT NULL,
  `ALLOCATION_3` varchar(200) DEFAULT NULL,
  `SUBAMOUNT_3` decimal(13,2) DEFAULT NULL,
  `ASSOCIATED_OCCASION` varchar(500) DEFAULT NULL,
  `REMARKS` varchar(1000) DEFAULT NULL,
  PRIMARY KEY (`DONATION_ID`),
  KEY `DONATION_FK1` (`CONTACT_ID`),
  CONSTRAINT `DONATION_FK1` FOREIGN KEY (`CONTACT_ID`) REFERENCES `CONTACT` (`CONTACT_ID`)
) ENGINE=InnoDB AUTO_INCREMENT=1357 DEFAULT CHARSET=utf8;
/*!40101 SET character_set_client = @saved_cs_client */;

--
-- Dumping data for table `DONATION`
--

/*!40000 ALTER TABLE `DONATION` DISABLE KEYS */;
INSERT INTO `DONATION` VALUES (2,15,'2016-09-14 19:40:32','Debbie1','2016-09-14',100.00,'Cash',NULL,NULL,NULL,NULL,NULL,NULL,'TCRP',NULL,0.00,NULL,0.00,NULL,0.00,NULL,NULL),(3,15,'2016-09-14 19:41:26','Debbie1','2016-09-13',200.00,'Cheque',NULL,NULL,NULL,NULL,NULL,NULL,'EZlink',NULL,0.00,NULL,0.00,NULL,0.00,NULL,NULL),(4,13,'2016-09-30 11:32:53','admin1','2016-09-06',20.00,'Bank direct',NULL,NULL,NULL,NULL,NULL,NULL,NULL,NULL,0.00,NULL,0.00,NULL,0.00,NULL,NULL),(5,13,'2016-09-30 11:33:33','admin1','2016-10-06',30.00,'Cheque',NULL,NULL,NULL,NULL,NULL,NULL,NULL,NULL,0.00,NULL,0.00,NULL,0.00,NULL,NULL),(6,38,'2016-10-02 11:28:05','admin1','2016-10-02',15366.70,'Cash',NULL,NULL,NULL,NULL,NULL,NULL,NULL,NULL,0.00,NULL,0.00,NULL,0.00,NULL,NULL),(7,64,'2016-10-06 12:34:10','admin1','2016-09-27',143.00,'Cash',NULL,NULL,NULL,NULL,NULL,NULL,NULL,NULL,0.00,NULL,0.00,NULL,0.00,NULL,NULL),(8,14,'2016-10-06 12:39:08','admin1','2016-10-11',12.12,'Cash',NULL,'QEBSA','122121',NULL,NULL,NULL,NULL,NULL,0.00,NULL,0.00,NULL,0.00,NULL,NULL),(9,62,'2016-10-06 13:03:01','admin1','2016-10-06',12.00,'Cheque',NULL,NULL,NULL,NULL,NULL,NULL,NULL,NULL,10.00,NULL,10.00,NULL,10.00,NULL,NULL),(10,79,'2016-10-06 13:28:14','admin1','2016-10-06',20.00,'Giving Sg',NULL,NULL,NULL,NULL,NULL,NULL,NULL,NULL,0.00,NULL,0.00,NULL,0.00,NULL,NULL);
/*!40000 ALTER TABLE `DONATION` ENABLE KEYS */;

--
-- Table structure for table `EMAIL`
--

DROP TABLE IF EXISTS `EMAIL`;
/*!40101 SET @saved_cs_client     = @@character_set_client */;
/*!40101 SET character_set_client = utf8 */;
CREATE TABLE `EMAIL` (
  `CONTACT_ID` int(11) NOT NULL,
  `DATE_CREATED` datetime NOT NULL,
  `CREATED_BY` varchar(50) NOT NULL,
  `EMAIL` varchar(50) NOT NULL,
  `VERIFIED` tinyint(1) DEFAULT '0',
  `VERIFICATIONID` varchar(64) DEFAULT NULL,
  `REMARKS` varchar(1000) DEFAULT NULL,
  `DATE_OBSOLETE` date DEFAULT NULL,
  PRIMARY KEY (`CONTACT_ID`,`EMAIL`),
  CONSTRAINT `EMAIL_FK1` FOREIGN KEY (`CONTACT_ID`) REFERENCES `CONTACT` (`CONTACT_ID`) ON DELETE CASCADE
) ENGINE=InnoDB DEFAULT CHARSET=utf8;
/*!40101 SET character_set_client = @saved_cs_client */;

--
-- Dumping data for table `EMAIL`
--

/*!40000 ALTER TABLE `EMAIL` DISABLE KEYS */;
INSERT INTO `EMAIL` VALUES (1,'2016-09-29 09:15:32','admin1','marcus.ong.2014@smu.edu.sg',1,NULL,'Hello','2016-06-07'),(11,'2016-09-14 17:28:14','admin1','huxley.goh.2014@sis.smu.edu.sg',1,NULL,NULL,NULL),(13,'2016-09-28 14:13:13','admin1','darryl.mok.2014@smu.edu.sg',0,'1p09EDfANxMTlAZTDlPYvds3V2PJvHqISAXeANrtFsPRDV9yFlhL1wWHYYUPBiZC',NULL,NULL),(14,'2016-09-28 14:46:00','admin1','cunc42@yahoo.com',0,'wYyToWO5wEaKbEgGs1sbCH0x0NOC4pmBzUgGAnKxG8hatgTfbHiVH9EHO2ZnPuBm',NULL,NULL),(14,'2016-09-14 17:31:24','admin1','ptnguyen.2014@sis.smu.edu.sg',1,NULL,NULL,NULL),(15,'2016-09-14 17:37:30','admin1','sihao.tan.2014@sis.smu.edu.sg',1,NULL,'Email remarks',NULL),(15,'2016-09-28 14:07:07','admin1','sihao.tan.2014@smu.edu.sg',0,'TAucuuTdiNoSbdg9vMDWIZzdic0fDpvsQNSEHcHblC1DlxuLfuzzNwIcDSHWeeto',NULL,'2016-10-09'),(17,'2016-09-14 19:13:08','admin1','ddfordyce@gmail.com',1,NULL,NULL,NULL),(18,'2016-09-14 19:13:07','admin1','xiaosonw@live.unc.edu',1,NULL,NULL,NULL),(19,'2016-09-14 19:13:41','admin1','socialworker4@twc2.org.sg',1,NULL,NULL,NULL),(21,'2016-09-15 19:19:51','admin1','test@gmail.com',0,'StVZE3Ee45gA7qpYkgK6WcitUKeegdvhO8gFLFTO54aVVoOAQ2bv04RZjKXBEq3v',NULL,NULL),(21,'2016-09-14 19:15:37','admin1','yew@netinfiniti.com',1,NULL,NULL,NULL),(22,'2016-09-14 19:16:46','Admin1','macpina@gmail.com',1,NULL,NULL,NULL),(36,'2016-09-20 12:16:32','ADMIN1','tan.si.hao@gmail.com',0,'SeOOROMVZYKxWoyP7NcIYZjWpQZgbRNqlyLSjKBMnjwRW4trCDLITFsetXrgtSuD',NULL,NULL),(36,'2016-09-19 11:27:17','admin1','treasurer@exco.twc2.org.sg',1,NULL,'The power of such eruptions is measured using the Volcanic Explosivity Index (VEI) a classification system developed in the 1980 that\'s somewhat akin to the magnitude scale for earthquakes. The scale goes from 1 to 8, and each succeeding VEI is 10 times greater than the last.',NULL),(45,'2016-09-20 14:23:52','admin1','scsc@dsdsd.ss',0,'x9MJQwVHiHFDnwu8WuZtKla8Hfk9nabi08OYwFFPHBsCHS1lVh2jf9v6Q8TF5XDs',NULL,NULL),(47,'2016-09-20 15:42:44','sapiens','alex.au@twc2.org.sg',1,NULL,'Construction began in April 1859, and at first digging was done by hand with picks and shovels wielded by forced laborers. Later, European workers with dredgers and steam shovels arrived. Labor disputes and a cholera epidemic slowed construction, and the Suez Canal was not completed until 1869–four years behind schedule. On November 17, 1869, the Suez Canal was opened to navigation. Ferdinand de Lesseps would later attempt, unsuccessfully, to build a canal across the Isthmus of Panama.',NULL),(48,'2016-09-20 15:46:05','sapiens','webadmin@twc2.org.sg',1,NULL,'When it opened, the Suez Canal was only 25 feet deep, 72 feet wide at the bottom, and 200 to 300 feet wide at the surface. Consequently, fewer than 500 ships navigated it in its first full year of operation. Major improvements began in 1876, however, and the canal soon grew into the one of the world’s most heavily traveled shipping lanes. In 1875, Great Britain became the largest shareholder in the Suez Canal Company when it bought up the stock of the new Ottoman governor of Egypt.',NULL),(49,'2016-09-20 15:48:27','sapiens','socialworker1@twc2.org.sg',1,NULL,'When it opened, the Suez Canal was only 25 feet deep, 72 feet wide at the bottom, and 200 to 300 feet wide at the surface. Consequently, fewer than 500 ships navigated it in its first full year of operation. Major improvements began in 1876, however, and the canal soon grew into the one of the world’s most heavily traveled shipping lanes. In 1875, Great Britain became the largest shareholder in the Suez Canal Company when it bought up the stock of the new Ottoman governor of Egypt.',NULL),(50,'2016-09-20 15:51:19','sapiens','socialworker2@twc2.org.sg',1,NULL,'Ten years later, Egypt shut down the canal again following the Six Day War and Israel’s occupation of the Sinai Peninsula. For the next eight years, the Suez Canal, which separates the Sinai from the rest of Egypt, existed as the front line between the Egyptian and Israeli armies. In 1975, Egyptian President Anwar el-Sadat reopened the Suez Canal as a gesture of peace after talks with Israel. Today, an average of 50 ships navigate the canal daily, carrying more than 300 million tons of goods a year.',NULL),(59,'2016-09-21 17:17:44','denisovus','jillratnam@hotmail.com',1,NULL,NULL,NULL),(61,'2016-09-21 17:18:10','neanderthalis','christine.pelly@gmail.com',1,NULL,NULL,NULL),(62,'2016-09-21 17:18:06','debbie1','aux.verum@gmail.com',1,NULL,NULL,NULL),(63,'2016-09-21 17:18:16','Minyi1','russell.heng@twc2.org.sg',1,NULL,NULL,NULL),(64,'2016-09-21 17:18:48','admin1','eatmarcus@gmail.com',1,NULL,NULL,NULL),(66,'2016-09-21 17:19:41','Minyi1','socialworker5@twc2.org.sg',1,NULL,NULL,NULL),(68,'2016-09-22 17:10:20','sapiens','accountsofficer@twc2.org.sg',1,NULL,NULL,NULL),(69,'2016-09-23 20:17:46','sapiens','casehelp3@twc2.org.sg',1,NULL,NULL,NULL),(70,'2016-09-26 14:51:20','sapiens','richmond-dental@uwetovb.com.sg',0,'5eO7J8fOywyP5YnF9bNU8HYBuipQ2FxhfCQORwurKPbQfABIn0BqCJriLY5NOB5g',NULL,NULL),(71,'2016-09-26 15:59:08','Sapiens','dogxpert@gondola.com',0,'ToNUYj11wY1kVpGiCtv8dOUNg3AtZ66RoQxQuZRXPWKkUdzjmmGHr0xqydiTDUHG',NULL,NULL),(72,'2016-09-28 13:39:19','sapiens','gautamjoseph@gmail.com',0,'hvZ2ynVW8XTU9RpIVXJ2uGIi0krbgQeUr9rRzixVY7hGA4d6iLm2ketMnEZOWvEW',NULL,NULL),(75,'2016-09-30 17:01:33','sapiens','twc2media@gmail.com',1,NULL,NULL,NULL),(77,'2016-10-03 14:39:33','admin1','test@mail.com',0,'R5FE7dmlYB7JtPoCvkRSGAXDCjXV6g5T8BF2zL7eY9Xlr2uFnSQpTxc50x7LiAxK',NULL,NULL);
/*!40000 ALTER TABLE `EMAIL` ENABLE KEYS */;

--
-- Table structure for table `EVENT`
--

DROP TABLE IF EXISTS `EVENT`;
/*!40101 SET @saved_cs_client     = @@character_set_client */;
/*!40101 SET character_set_client = utf8 */;
CREATE TABLE `EVENT` (
  `EVENT_ID` int(11) NOT NULL AUTO_INCREMENT,
  `CREATED_BY` varchar(50) NOT NULL,
  `DATE_CREATED` datetime NOT NULL,
  `EVENT_TITLE` varchar(200) NOT NULL,
  `ADDRESS` varchar(1000) DEFAULT NULL,
  `ZIPCODE` varchar(20) DEFAULT NULL,
  `EVENT_START_DATE` datetime NOT NULL,
  `EVENT_END_DATE` datetime NOT NULL,
  `EVENT_TIME_START` datetime NOT NULL,
  `EVENT_TIME_END` datetime NOT NULL,
  `SEND_REMINDER` tinyint(1) DEFAULT '1',
  `EVENT_DESCRIPTION` varchar(2000) DEFAULT NULL,
  `MINIMUM_PARTICIPATIONS` int(11) DEFAULT NULL,
  `EVENT_CLASS_NAME` varchar(50) NOT NULL,
  `EVENT_LOCATION_NAME` varchar(50) NOT NULL,
  `EVENT_STATUS` varchar(50) NOT NULL,
  `EVENT_LOCATION_LONGITUDE` varchar(100) NOT NULL,
  `EVENT_LOCATION_LATITUDE` varchar(100) DEFAULT NULL,
  `REMARKS` varchar(1000) DEFAULT NULL,
  `CONTACT_ID` int(11) NOT NULL,
  `EMAIL` varchar(50) DEFAULT NULL,
  `PARTICIPANT_NUMBER` int(11) DEFAULT '0',
  PRIMARY KEY (`EVENT_ID`),
  KEY `EVENT_FK1` (`CONTACT_ID`),
  CONSTRAINT `EVENT_FK1` FOREIGN KEY (`CONTACT_ID`) REFERENCES `CONTACT` (`CONTACT_ID`) ON DELETE CASCADE
) ENGINE=InnoDB AUTO_INCREMENT=449 DEFAULT CHARSET=utf8;
/*!40101 SET character_set_client = @saved_cs_client */;

--
-- Dumping data for table `EVENT`
--

/*!40000 ALTER TABLE `EVENT` DISABLE KEYS */;
INSERT INTO `EVENT` VALUES (262,'System Admin','2016-10-06 11:56:13','Meeting with Zuerst','5001 Beach Road #09-86 Golden Mile Complex','199588','2016-10-13 00:00:00','2016-10-13 00:00:00','2016-10-06 19:00:52','2016-10-06 19:00:52',0,'Search functions\nReport functions\nMeeting with dinner',4,'Other','TWC2 office','Open','103.86496629999999','1.3028789','',1,NULL,1),(263,'System Admin','2016-10-06 12:00:27','Interview with CNA','5001 Beach Road #09-86 Golden Mile Complex','199588','2016-10-11 00:00:00','2016-10-11 00:00:00','2016-10-06 15:00:38','2016-10-06 17:00:38',0,NULL,2,'Internal staff & volunteers only','TWC2 office','Open','','','',1,NULL,0),(264,'System Admin','2016-10-06 12:02:25','Dinner @ Alankar','98 Dunlop Street','20941','2016-10-10 00:00:00','2016-10-10 00:00:00','2016-10-06 18:30:21','2016-10-06 20:00:21',0,NULL,3,'Internal staff & volunteers only','Alankar','Open','','','',1,NULL,0),(265,'System Admin','2016-10-06 12:02:25','Dinner @ Alankar','98 Dunlop Street','20941','2016-10-11 12:02:24','2016-10-11 12:02:24','2016-10-06 18:30:21','2016-10-06 20:00:21',0,NULL,3,'Internal staff & volunteers only','Alankar','Open','','','',1,NULL,0),(266,'System Admin','2016-10-06 12:02:25','Dinner @ Alankar','98 Dunlop Street','20941','2016-10-12 12:02:24','2016-10-12 12:02:24','2016-10-06 18:30:21','2016-10-06 20:00:21',0,NULL,3,'Internal staff & volunteers only','Alankar','Open','','','',1,NULL,0),(267,'System Admin','2016-10-06 12:02:25','Dinner @ Alankar','98 Dunlop Street','20941','2016-10-13 12:02:24','2016-10-13 12:02:24','2016-10-06 18:30:21','2016-10-06 20:00:21',0,NULL,3,'Internal staff & volunteers only','Alankar','Open','','','',1,NULL,0),(268,'System Admin','2016-10-06 12:02:25','Dinner @ Alankar','98 Dunlop Street','20941','2016-10-14 12:02:24','2016-10-14 12:02:24','2016-10-06 18:30:21','2016-10-06 20:00:21',0,NULL,3,'Internal staff & volunteers only','Alankar','Open','','','',1,NULL,0),(269,'System Admin','2016-10-06 12:03:46','Breakfast @ Alankar','98 Dunlop Street','20941','2016-10-10 00:00:00','2016-10-10 00:00:00','2016-10-06 06:30:08','2016-10-06 08:00:08',0,NULL,3,'Internal staff & volunteers only','Alankar','Open','','','',1,NULL,0),(270,'System Admin','2016-10-06 12:04:33','Breakfast @ Alankar','98 Dunlop Street','20941','2016-10-11 00:00:00','2016-10-11 00:00:00','2016-10-06 06:30:10','2016-10-06 08:00:10',0,NULL,3,'Internal staff & volunteers only','Alankar','Open','','','',1,NULL,1),(271,'System Admin','2016-10-06 12:04:33','Breakfast @ Alankar','98 Dunlop Street','20941','2016-10-12 12:04:33','2016-10-12 12:04:33','2016-10-06 06:30:10','2016-10-06 08:00:10',0,NULL,3,'Internal staff & volunteers only','Alankar','Open','','','',1,NULL,0),(272,'System Admin','2016-10-06 12:04:33','Breakfast @ Alankar','98 Dunlop Street','20941','2016-10-13 12:04:33','2016-10-13 12:04:33','2016-10-06 06:30:10','2016-10-06 08:00:10',0,NULL,3,'Internal staff & volunteers only','Alankar','Open','','','',1,NULL,0),(273,'System Admin','2016-10-06 12:04:33','Breakfast @ Alankar','98 Dunlop Street','20941','2016-10-14 12:04:33','2016-10-14 12:04:33','2016-10-06 06:30:10','2016-10-06 08:00:10',0,NULL,3,'Internal staff & volunteers only','Alankar','Open','','','',1,NULL,0),(274,'System Admin','2016-10-06 12:27:53','Recreational Basketball Match','1C Rowell Road #01-01','207958','2016-10-26 00:00:00','2016-10-26 00:00:00','2016-10-06 15:00:17','2016-10-06 17:00:17',0,'Relax and enjoy a game of basketball!',10,'Open to public','Isthana','Open','','','',1,NULL,0),(275,'Tan Si Hao','2016-10-06 12:44:06','Mid term lunch','98 Dunlop Street','20941','2016-10-06 00:00:00','2016-10-06 00:00:00','2016-10-06 15:00:45','2016-10-06 15:00:45',1,NULL,3,'Basic Training','Alankar','Open','','','',15,'sihao.tan.2014@sis.smu.edu.sg',2),(276,'Tan Si Hao','2016-10-06 12:44:06','Mid term lunch','98 Dunlop Street','20941','2016-10-13 12:44:05','2016-10-13 12:44:05','2016-10-06 12:00:45','2016-10-06 12:00:45',1,NULL,3,'Basic Training','Alankar','Open','','','',15,'sihao.tan.2014@sis.smu.edu.sg',0),(293,'Tan Si Hao','2016-10-06 14:19:49','Netball Training','98 Dunlop Street','20941','2016-10-14 00:00:00','2016-10-14 00:00:00','2016-10-06 15:00:36','2016-10-06 17:00:36',1,'Play Netball',15,'Basic Training','Alankar','Open','','','',15,'sihao.tan.2014@sis.smu.edu.sg',0),(294,'Tan Si Hao','2016-10-06 14:19:49','Netball Training','98 Dunlop Street','20941','2016-10-21 14:19:48','2016-10-21 14:19:48','2016-10-06 15:00:36','2016-10-06 17:00:36',1,'Play Netball',15,'Basic Training','Alankar','Open','','','',15,'sihao.tan.2014@sis.smu.edu.sg',0),(296,'Tan Si Hao','2016-10-07 09:22:51','Presentation','98 Dunlop Street','20941','2016-10-08 00:00:00','2016-10-08 00:00:00','2016-10-07 12:00:19','2016-10-07 12:00:19',1,NULL,1,'Advanced Training','Alankar','Open','','','',15,'sihao.tan.2014@sis.smu.edu.sg',0),(297,'Tan Si Hao','2016-10-07 09:22:51','Presentation','98 Dunlop Street','20941','2016-10-14 09:22:50','2016-10-14 09:22:50','2016-10-07 12:00:19','2016-10-07 12:00:19',1,NULL,1,'Advanced Training','Alankar','Open','','','',15,'sihao.tan.2014@sis.smu.edu.sg',0),(298,'Tan Si Hao','2016-10-07 09:22:51','Presentation','98 Dunlop Street','20941','2016-10-21 09:22:50','2016-10-21 09:22:50','2016-10-07 12:00:19','2016-10-07 12:00:19',1,NULL,1,'Advanced Training','Alankar','Open','','','',15,'sihao.tan.2014@sis.smu.edu.sg',0),(299,'Darryl Mok','2016-10-07 17:20:02','Training','98 Dunlop Street','20941','2016-10-14 00:00:00','2016-10-14 00:00:00','2016-10-07 14:00:47','2016-10-07 16:00:47',0,NULL,1,'Open to public','Alankar','Open','','','',13,NULL,0);
/*!40000 ALTER TABLE `EVENT` ENABLE KEYS */;

--
-- Table structure for table `EVENT_AFFILIATION`
--

DROP TABLE IF EXISTS `EVENT_AFFILIATION`;
/*!40101 SET @saved_cs_client     = @@character_set_client */;
/*!40101 SET character_set_client = utf8 */;
CREATE TABLE `EVENT_AFFILIATION` (
  `EVENT_ID` int(11) NOT NULL,
  `TEAM_NAME` varchar(50) NOT NULL,
  `CREATED_BY` varchar(50) NOT NULL,
  `DATE_CREATED` datetime NOT NULL,
  `EXPLAIN_IF_OTHER` varchar(200) DEFAULT NULL,
  `DATE_OBSOLETE` date DEFAULT NULL,
  PRIMARY KEY (`EVENT_ID`,`TEAM_NAME`),
  CONSTRAINT `EVENT_AFFILIATION_FK1` FOREIGN KEY (`EVENT_ID`) REFERENCES `EVENT` (`EVENT_ID`)
) ENGINE=InnoDB DEFAULT CHARSET=utf8;
/*!40101 SET character_set_client = @saved_cs_client */;

--
-- Dumping data for table `EVENT_AFFILIATION`
--

/*!40000 ALTER TABLE `EVENT_AFFILIATION` DISABLE KEYS */;
INSERT INTO `EVENT_AFFILIATION` VALUES (262,'TCRP','System Admin','2016-10-06 11:56:50','',NULL),(263,'Communications','System Admin','2016-10-06 12:00:46','',NULL),(264,'TCRP','System Admin','2016-10-06 12:02:37','',NULL),(265,'TCRP','System Admin','2016-10-06 12:02:37','',NULL),(266,'TCRP','System Admin','2016-10-06 12:02:37','',NULL),(267,'TCRP','System Admin','2016-10-06 12:02:37','',NULL),(268,'TCRP','System Admin','2016-10-06 12:02:37','',NULL),(269,'TCRP','System Admin','2016-10-06 12:04:03','',NULL),(270,'TCRP','System Admin','2016-10-06 12:04:38','',NULL),(271,'TCRP','System Admin','2016-10-06 12:04:38','',NULL),(272,'TCRP','System Admin','2016-10-06 12:04:38','',NULL),(273,'TCRP','System Admin','2016-10-06 12:04:38','',NULL),(274,'Communications','System Admin','2016-10-06 12:28:22','',NULL),(274,'Discover Sg','System Admin','2016-10-06 12:28:22','',NULL),(274,'FareGo','System Admin','2016-10-06 12:28:22','',NULL),(274,'Fundraising','System Admin','2016-10-06 12:28:22','',NULL),(274,'Intern','System Admin','2016-10-06 12:28:22','',NULL),(274,'TCRP','System Admin','2016-10-06 12:28:22','',NULL),(275,'TCRP','Tan Si Hao','2016-10-06 12:44:22','',NULL),(276,'TCRP','Tan Si Hao','2016-10-06 12:44:22','',NULL),(293,'TCRP','Tan Si Hao','2016-10-06 14:20:03','',NULL),(294,'TCRP','Tan Si Hao','2016-10-06 14:20:03','',NULL),(296,'TCRP','Tan Si Hao','2016-10-07 09:23:15','',NULL),(297,'TCRP','Tan Si Hao','2016-10-07 09:23:15','',NULL),(298,'TCRP','Tan Si Hao','2016-10-07 09:23:15','',NULL);
/*!40000 ALTER TABLE `EVENT_AFFILIATION` ENABLE KEYS */;

--
-- Table structure for table `EVENT_CLASS_LIST`
--

DROP TABLE IF EXISTS `EVENT_CLASS_LIST`;
/*!40101 SET @saved_cs_client     = @@character_set_client */;
/*!40101 SET character_set_client = utf8 */;
CREATE TABLE `EVENT_CLASS_LIST` (
  `EVENT_CLASS_NAME` varchar(50) NOT NULL,
  `POSITION_NUMBER` int(11) DEFAULT '0',
  PRIMARY KEY (`EVENT_CLASS_NAME`)
) ENGINE=InnoDB DEFAULT CHARSET=utf8;
/*!40101 SET character_set_client = @saved_cs_client */;

--
-- Dumping data for table `EVENT_CLASS_LIST`
--

/*!40000 ALTER TABLE `EVENT_CLASS_LIST` DISABLE KEYS */;
INSERT INTO `EVENT_CLASS_LIST` VALUES ('Advanced Training',2),('Basic Training',1),('Internal staff & volunteers only',3),('Open to public',4),('Other',5);
/*!40000 ALTER TABLE `EVENT_CLASS_LIST` ENABLE KEYS */;

--
-- Table structure for table `EVENT_LOCATION_LIST`
--

DROP TABLE IF EXISTS `EVENT_LOCATION_LIST`;
/*!40101 SET @saved_cs_client     = @@character_set_client */;
/*!40101 SET character_set_client = utf8 */;
CREATE TABLE `EVENT_LOCATION_LIST` (
  `EVENT_LOCATION_NAME` varchar(50) NOT NULL,
  `ADDRESS` varchar(1000) DEFAULT NULL,
  `ZIPCODE` varchar(20) DEFAULT NULL,
  `POSITION_NUMBER` int(11) DEFAULT '0',
  PRIMARY KEY (`EVENT_LOCATION_NAME`)
) ENGINE=InnoDB DEFAULT CHARSET=utf8;
/*!40101 SET character_set_client = @saved_cs_client */;

--
-- Dumping data for table `EVENT_LOCATION_LIST`
--

/*!40000 ALTER TABLE `EVENT_LOCATION_LIST` DISABLE KEYS */;
INSERT INTO `EVENT_LOCATION_LIST` VALUES ('Alankar','98 Dunlop Street','20941',1),('Isthana','1C Rowell Road #01-01','207958',2),('Online',NULL,NULL,3),('Other',NULL,NULL,6),('TWC2 DaySpace','1C Rowell Road #02-01','207958',4),('TWC2 office','5001 Beach Road #09-86 Golden Mile Complex','199588',5);
/*!40000 ALTER TABLE `EVENT_LOCATION_LIST` ENABLE KEYS */;

--
-- Table structure for table `EVENT_PARTICIPANT`
--

DROP TABLE IF EXISTS `EVENT_PARTICIPANT`;
/*!40101 SET @saved_cs_client     = @@character_set_client */;
/*!40101 SET character_set_client = utf8 */;
CREATE TABLE `EVENT_PARTICIPANT` (
  `CONTACT_ID` int(11) NOT NULL,
  `AWARDER_ID` int(11) DEFAULT NULL,
  `ROLE_ID` int(11) NOT NULL,
  `EVENT_ID` int(11) NOT NULL,
  `CREATED_BY` varchar(50) NOT NULL,
  `DATE_CREATED` datetime NOT NULL,
  `PULLOUT` tinyint(1) DEFAULT '0',
  `DATE_PULLOUT` date DEFAULT NULL,
  `REASON` varchar(1000) DEFAULT NULL,
  `HOURS_SERVED` float DEFAULT NULL,
  `SERVICE_COMMENT` varchar(1000) DEFAULT NULL,
  `REMARKS` varchar(1000) DEFAULT NULL,
  PRIMARY KEY (`CONTACT_ID`,`EVENT_ID`,`ROLE_ID`),
  KEY `EVENT_PARTICIPANT_FK2` (`AWARDER_ID`),
  KEY `EVENT_PARTICIPANT_FK4` (`EVENT_ID`),
  CONSTRAINT `EVENT_PARTICIPANT_FK1` FOREIGN KEY (`CONTACT_ID`) REFERENCES `CONTACT` (`CONTACT_ID`),
  CONSTRAINT `EVENT_PARTICIPANT_FK2` FOREIGN KEY (`AWARDER_ID`) REFERENCES `CONTACT` (`CONTACT_ID`),
  CONSTRAINT `EVENT_PARTICIPANT_FK4` FOREIGN KEY (`EVENT_ID`) REFERENCES `EVENT` (`EVENT_ID`)
) ENGINE=InnoDB DEFAULT CHARSET=utf8;
/*!40101 SET character_set_client = @saved_cs_client */;

--
-- Dumping data for table `EVENT_PARTICIPANT`
--

/*!40000 ALTER TABLE `EVENT_PARTICIPANT` DISABLE KEYS */;
INSERT INTO `EVENT_PARTICIPANT` VALUES (15,NULL,366,262,'tansihao','2016-10-06 00:00:00',0,NULL,NULL,0,NULL,NULL),(15,NULL,382,275,'tansihao','2016-10-06 00:00:00',0,NULL,NULL,0,NULL,NULL),(64,NULL,371,265,'marcus2','2016-10-06 00:00:00',1,'2016-10-06','Sick',0,NULL,NULL),(64,NULL,375,269,'marcus2','2016-10-06 00:00:00',1,'2016-10-06','not interested',0,NULL,NULL),(64,NULL,376,270,'marcus2','2016-10-07 00:00:00',0,NULL,NULL,0,NULL,NULL),(64,NULL,380,274,'marcus2','2016-10-06 00:00:00',1,'2016-10-06','sian',0,NULL,NULL),(64,NULL,382,275,'marcus2','2016-10-06 00:00:00',1,'2016-10-06','not interested',0,NULL,NULL),(64,NULL,404,293,'marcus2','2016-10-06 00:00:00',1,'2016-10-06','sian',0,NULL,NULL),(64,NULL,407,296,'marcus2','2016-10-07 00:00:00',1,'2016-10-07','Sick',0,NULL,NULL),(79,NULL,382,275,'Tan Si Hao','2016-10-06 00:00:00',0,NULL,NULL,0,NULL,NULL),(79,NULL,404,293,'Tan Si Hao','2016-10-06 00:00:00',1,'2016-10-06','test',0,NULL,NULL),(79,NULL,407,296,'Tan Si Hao','2016-10-07 00:00:00',0,NULL,NULL,0,NULL,NULL);
/*!40000 ALTER TABLE `EVENT_PARTICIPANT` ENABLE KEYS */;

--
-- Table structure for table `EVENT_ROLE_ASSIGNMENT`
--

DROP TABLE IF EXISTS `EVENT_ROLE_ASSIGNMENT`;
/*!40101 SET @saved_cs_client     = @@character_set_client */;
/*!40101 SET character_set_client = utf8 */;
CREATE TABLE `EVENT_ROLE_ASSIGNMENT` (
  `ROLE_ID` int(11) NOT NULL AUTO_INCREMENT,
  `EVENT_ID` int(11) NOT NULL,
  `ROLE_NAME` varchar(50) DEFAULT NULL,
  `ROLE_DESCRIPTION` varchar(200) DEFAULT NULL,
  PRIMARY KEY (`ROLE_ID`,`EVENT_ID`),
  KEY `EVENT_ROLE_ASSIGNMENT_FK2` (`EVENT_ID`),
  CONSTRAINT `EVENT_ROLE_ASSIGNMENT_FK2` FOREIGN KEY (`EVENT_ID`) REFERENCES `EVENT` (`EVENT_ID`)
) ENGINE=InnoDB AUTO_INCREMENT=465 DEFAULT CHARSET=utf8;
/*!40101 SET character_set_client = @saved_cs_client */;

--
-- Dumping data for table `EVENT_ROLE_ASSIGNMENT`
--

/*!40000 ALTER TABLE `EVENT_ROLE_ASSIGNMENT` DISABLE KEYS */;
INSERT INTO `EVENT_ROLE_ASSIGNMENT` VALUES (366,262,'TWC2 Staff',''),(367,262,'SMU student',''),(368,263,'Interviewer',''),(369,263,'Interviewee',''),(370,264,'TWC2 Volunteer',''),(371,265,'TWC2 Volunteer',''),(372,266,'TWC2 Volunteer',''),(373,267,'TWC2 Volunteer',''),(374,268,'TWC2 Volunteer',''),(375,269,'TWC2 Volunteer',''),(376,270,'TWC2 Volunteer',''),(377,271,'TWC2 Volunteer',''),(378,272,'TWC2 Volunteer',''),(379,273,'TWC2 Volunteer',''),(380,274,'Basketballers',''),(381,274,'Referee',''),(382,275,'MC',''),(383,276,'MC',''),(404,293,'Players','Netball players'),(405,294,'Players','Netball players'),(407,296,'Reviewer',''),(408,297,'Reviewer',''),(409,298,'Reviewer',''),(410,299,'Participants','');
/*!40000 ALTER TABLE `EVENT_ROLE_ASSIGNMENT` ENABLE KEYS */;

--
-- Table structure for table `EVENT_STATUS_LIST`
--

DROP TABLE IF EXISTS `EVENT_STATUS_LIST`;
/*!40101 SET @saved_cs_client     = @@character_set_client */;
/*!40101 SET character_set_client = utf8 */;
CREATE TABLE `EVENT_STATUS_LIST` (
  `EVENT_STATUS` varchar(50) NOT NULL,
  `POSITION_NUMBER` int(11) DEFAULT '0',
  PRIMARY KEY (`EVENT_STATUS`)
) ENGINE=InnoDB DEFAULT CHARSET=latin1;
/*!40101 SET character_set_client = @saved_cs_client */;

--
-- Dumping data for table `EVENT_STATUS_LIST`
--

/*!40000 ALTER TABLE `EVENT_STATUS_LIST` DISABLE KEYS */;
INSERT INTO `EVENT_STATUS_LIST` VALUES ('Cancelled',4),('Filled',2),('Open',1),('Postponed',3);
/*!40000 ALTER TABLE `EVENT_STATUS_LIST` ENABLE KEYS */;

--
-- Table structure for table `LANGUAGE_ASSIGNMENT`
--

DROP TABLE IF EXISTS `LANGUAGE_ASSIGNMENT`;
/*!40101 SET @saved_cs_client     = @@character_set_client */;
/*!40101 SET character_set_client = utf8 */;
CREATE TABLE `LANGUAGE_ASSIGNMENT` (
  `CONTACT_ID` int(11) NOT NULL,
  `DATE_CREATED` datetime NOT NULL,
  `CREATED_BY` varchar(50) NOT NULL,
  `EXPLAIN_IF_OTHER` varchar(200) DEFAULT NULL,
  `DATE_OBSOLETE` date DEFAULT NULL,
  `PROFICIENCY` varchar(50) DEFAULT NULL,
  `REMARKS` varchar(1000) DEFAULT NULL,
  `LANGUAGE_NAME` varchar(50) NOT NULL,
  PRIMARY KEY (`CONTACT_ID`,`LANGUAGE_NAME`),
  CONSTRAINT `LANGUAGE_ASSIGNMENT_FK1` FOREIGN KEY (`CONTACT_ID`) REFERENCES `CONTACT` (`CONTACT_ID`) ON DELETE CASCADE
) ENGINE=InnoDB DEFAULT CHARSET=utf8;
/*!40101 SET character_set_client = @saved_cs_client */;

--
-- Dumping data for table `LANGUAGE_ASSIGNMENT`
--

/*!40000 ALTER TABLE `LANGUAGE_ASSIGNMENT` DISABLE KEYS */;
INSERT INTO `LANGUAGE_ASSIGNMENT` VALUES (15,'2016-09-14 17:38:21','admin1','I know I know',NULL,'speak and write',NULL,'Filipino'),(18,'2016-09-14 19:33:22','Miguel1',NULL,NULL,NULL,NULL,'Hindi'),(19,'2016-09-14 19:34:17','Debbie1',NULL,NULL,'speak and write',NULL,'Chinese'),(19,'2016-09-14 19:33:27','Debbie1',NULL,NULL,'speak and write',NULL,'English'),(22,'2016-09-14 19:27:26','Miguel1',NULL,NULL,'speak and write',NULL,'English'),(36,'2016-09-19 11:28:01','admin1',NULL,NULL,NULL,NULL,'Filipino'),(47,'2016-09-20 15:43:31','sapiens',NULL,NULL,'speak and write',NULL,'English'),(47,'2016-09-20 15:43:48','sapiens','The low price of oil is allowing cargo vessels to avoid the costly tariffs of the Suez and Panama canals',NULL,'speak only',NULL,'Sinhala'),(48,'2016-09-20 15:46:52','sapiens','dfa gfdpri tqah sd kagerhdb',NULL,'speak and write',NULL,'Chinese'),(48,'2016-09-20 15:46:38','sapiens',NULL,NULL,'speak and write',NULL,'English'),(49,'2016-09-20 15:49:04','sapiens',NULL,NULL,'speak and write',NULL,'English'),(50,'2016-09-20 15:52:19','sapiens','Pdfngdo cnsf wo fjs dv sdig usdh g sht jfsr 235 egs bdfh',NULL,'speak and write',NULL,'English'),(68,'2016-09-22 17:11:32','sapiens',NULL,NULL,'speak and write',NULL,'Chinese'),(68,'2016-09-22 17:11:23','sapiens',NULL,NULL,'speak and write',NULL,'English'),(68,'2016-09-22 17:11:49','sapiens',NULL,NULL,'speak only',NULL,'Vietnamese'),(71,'2016-09-26 16:00:03','Sapiens',NULL,NULL,NULL,NULL,'Chinese'),(77,'2016-10-03 14:40:06','admin1',NULL,NULL,'speak and write',NULL,'English');
/*!40000 ALTER TABLE `LANGUAGE_ASSIGNMENT` ENABLE KEYS */;

--
-- Table structure for table `LANGUAGE_LIST`
--

DROP TABLE IF EXISTS `LANGUAGE_LIST`;
/*!40101 SET @saved_cs_client     = @@character_set_client */;
/*!40101 SET character_set_client = utf8 */;
CREATE TABLE `LANGUAGE_LIST` (
  `LANGUAGE_NAME` varchar(50) NOT NULL,
  `POSITION_NUMBER` int(11) DEFAULT '0',
  PRIMARY KEY (`LANGUAGE_NAME`)
) ENGINE=InnoDB DEFAULT CHARSET=utf8;
/*!40101 SET character_set_client = @saved_cs_client */;

--
-- Dumping data for table `LANGUAGE_LIST`
--

/*!40000 ALTER TABLE `LANGUAGE_LIST` DISABLE KEYS */;
INSERT INTO `LANGUAGE_LIST` VALUES ('Bengali',1),('Burmese',2),('Cambodian',3),('Chinese',4),('English',5),('Filipino',6),('Hindi',7),('Indonesian',8),('Malay',9),('Other',16),('Punjabi',10),('Sinhala',11),('Tamil',12),('Telugu',13),('Thai',14),('Vietnamese',15);
/*!40000 ALTER TABLE `LANGUAGE_LIST` ENABLE KEYS */;

--
-- Table structure for table `LSA_CLASS_LIST`
--

DROP TABLE IF EXISTS `LSA_CLASS_LIST`;
/*!40101 SET @saved_cs_client     = @@character_set_client */;
/*!40101 SET character_set_client = utf8 */;
CREATE TABLE `LSA_CLASS_LIST` (
  `SKILL_NAME` varchar(50) NOT NULL,
  `POSITION_NUMBER` int(11) DEFAULT '0',
  PRIMARY KEY (`SKILL_NAME`)
) ENGINE=InnoDB DEFAULT CHARSET=utf8;
/*!40101 SET character_set_client = @saved_cs_client */;

--
-- Dumping data for table `LSA_CLASS_LIST`
--

/*!40000 ALTER TABLE `LSA_CLASS_LIST` DISABLE KEYS */;
INSERT INTO `LSA_CLASS_LIST` VALUES ('Academia',1),('Accounting',2),('Counselling',3),('Dental',4),('Event organising',5),('Has event space',6),('Has shelter space',7),('Has vehicle',8),('Infotech',9),('Legal',10),('Media & Comms',11),('Medical',12),('Other',17),('Pharma',13),('Photo, video & design',14),('Physio',15),('Pro-bono lawyer',16);
/*!40000 ALTER TABLE `LSA_CLASS_LIST` ENABLE KEYS */;

--
-- Table structure for table `MEMBERSHIP`
--

DROP TABLE IF EXISTS `MEMBERSHIP`;
/*!40101 SET @saved_cs_client     = @@character_set_client */;
/*!40101 SET character_set_client = utf8 */;
CREATE TABLE `MEMBERSHIP` (
  `MEMBERSHIP_ID` int(11) NOT NULL AUTO_INCREMENT,
  `CONTACT_ID` int(11) NOT NULL,
  `DATE_CREATED` datetime NOT NULL,
  `CREATED_BY` varchar(50) NOT NULL,
  `EXPLAIN_IF_OTHER_CLASS` varchar(200) DEFAULT NULL,
  `START_MEMBERSHIP` date NOT NULL,
  `END_MEMBERSHIP` date NOT NULL,
  `SUBSCRIPTION_AMOUNT` decimal(13,2) NOT NULL,
  `EXPLAIN_IF_OTHER_PAYMENT` varchar(200) DEFAULT NULL,
  `EXT_TRANSACTION_REF` varchar(50) DEFAULT NULL,
  `RECEIPT_NUMBER` varchar(50) DEFAULT NULL,
  `RECEIPT_DATE` date DEFAULT NULL,
  `EXPLAIN_IF_OTHER_RECEIPT` varchar(200) DEFAULT NULL,
  `RECEIPT_MODE_NAME` varchar(50) DEFAULT NULL,
  `MEMBERSHIP_CLASS_NAME` varchar(50) NOT NULL,
  `PAYMENT_MODE_NAME` varchar(50) DEFAULT NULL,
  `REMARKS` varchar(1000) DEFAULT NULL,
  PRIMARY KEY (`MEMBERSHIP_ID`),
  KEY `MEMBERSHIP_FK1` (`CONTACT_ID`),
  CONSTRAINT `MEMBERSHIP_FK1` FOREIGN KEY (`CONTACT_ID`) REFERENCES `CONTACT` (`CONTACT_ID`)
) ENGINE=InnoDB AUTO_INCREMENT=756 DEFAULT CHARSET=utf8;
/*!40101 SET character_set_client = @saved_cs_client */;

--
-- Dumping data for table `MEMBERSHIP`
--

/*!40000 ALTER TABLE `MEMBERSHIP` DISABLE KEYS */;
INSERT INTO `MEMBERSHIP` VALUES (2,49,'2016-09-29 21:03:35','admin1',NULL,'2015-01-01','2015-12-31',100.00,NULL,NULL,NULL,NULL,NULL,NULL,'Ordinary',NULL,NULL),(3,49,'2016-09-29 21:03:53','admin1',NULL,'2016-01-01','2016-12-31',50.00,NULL,NULL,NULL,NULL,NULL,NULL,'Ordinary',NULL,NULL);
/*!40000 ALTER TABLE `MEMBERSHIP` ENABLE KEYS */;

--
-- Table structure for table `MEMBERSHIP_CLASS_LIST`
--

DROP TABLE IF EXISTS `MEMBERSHIP_CLASS_LIST`;
/*!40101 SET @saved_cs_client     = @@character_set_client */;
/*!40101 SET character_set_client = utf8 */;
CREATE TABLE `MEMBERSHIP_CLASS_LIST` (
  `MEMBERSHIP_CLASS_NAME` varchar(50) NOT NULL,
  `POSITION_NUMBER` int(11) DEFAULT '0',
  PRIMARY KEY (`MEMBERSHIP_CLASS_NAME`)
) ENGINE=InnoDB DEFAULT CHARSET=utf8;
/*!40101 SET character_set_client = @saved_cs_client */;

--
-- Dumping data for table `MEMBERSHIP_CLASS_LIST`
--

/*!40000 ALTER TABLE `MEMBERSHIP_CLASS_LIST` DISABLE KEYS */;
INSERT INTO `MEMBERSHIP_CLASS_LIST` VALUES ('Associate',1),('Discounted',2),('Honorary',3),('Ordinary',4),('Other',5);
/*!40000 ALTER TABLE `MEMBERSHIP_CLASS_LIST` ENABLE KEYS */;

--
-- Table structure for table `MODE_OF_SENDING_RECEIPT_LIST`
--

DROP TABLE IF EXISTS `MODE_OF_SENDING_RECEIPT_LIST`;
/*!40101 SET @saved_cs_client     = @@character_set_client */;
/*!40101 SET character_set_client = utf8 */;
CREATE TABLE `MODE_OF_SENDING_RECEIPT_LIST` (
  `RECEIPT_MODE_NAME` varchar(50) NOT NULL,
  `POSITION_NUMBER` int(11) DEFAULT '0',
  PRIMARY KEY (`RECEIPT_MODE_NAME`)
) ENGINE=InnoDB DEFAULT CHARSET=utf8;
/*!40101 SET character_set_client = @saved_cs_client */;

--
-- Dumping data for table `MODE_OF_SENDING_RECEIPT_LIST`
--

/*!40000 ALTER TABLE `MODE_OF_SENDING_RECEIPT_LIST` DISABLE KEYS */;
INSERT INTO `MODE_OF_SENDING_RECEIPT_LIST` VALUES ('Email',1),('No address',2),('Other',4),('Post',3);
/*!40000 ALTER TABLE `MODE_OF_SENDING_RECEIPT_LIST` ENABLE KEYS */;

--
-- Table structure for table `NOTICE`
--

DROP TABLE IF EXISTS `NOTICE`;
/*!40101 SET @saved_cs_client     = @@character_set_client */;
/*!40101 SET character_set_client = utf8 */;
CREATE TABLE `NOTICE` (
  `NOTICE_ID` int(11) NOT NULL AUTO_INCREMENT,
  `EVENT_ID` int(11) NOT NULL,
  `CREATED_BY` varchar(50) NOT NULL,
  `DATE_CREATED` datetime NOT NULL,
  `ACTIVELY_PUSHOUT` tinyint(1) DEFAULT '1',
  `MESSAGE_TITLE` varchar(200) NOT NULL,
  `MESSAGE_CONTENT` varchar(2000) DEFAULT NULL,
  `STATUS` varchar(10) DEFAULT NULL,
  PRIMARY KEY (`NOTICE_ID`),
  KEY `NOTICE_FK1` (`EVENT_ID`),
  CONSTRAINT `NOTICE_FK1` FOREIGN KEY (`EVENT_ID`) REFERENCES `EVENT` (`EVENT_ID`)
) ENGINE=InnoDB DEFAULT CHARSET=utf8;
/*!40101 SET character_set_client = @saved_cs_client */;

--
-- Dumping data for table `NOTICE`
--

/*!40000 ALTER TABLE `NOTICE` DISABLE KEYS */;
/*!40000 ALTER TABLE `NOTICE` ENABLE KEYS */;

--
-- Table structure for table `OFFICE_HELD`
--

DROP TABLE IF EXISTS `OFFICE_HELD`;
/*!40101 SET @saved_cs_client     = @@character_set_client */;
/*!40101 SET character_set_client = utf8 */;
CREATE TABLE `OFFICE_HELD` (
  `CONTACT_ID` int(11) NOT NULL,
  `DATE_CREATED` datetime NOT NULL,
  `CREATED_BY` varchar(50) NOT NULL,
  `START_OFFICE` date NOT NULL,
  `END_OFFICE` date NOT NULL,
  `OFFICE_HELD_NAME` varchar(50) NOT NULL,
  `REMARKS` varchar(1000) DEFAULT NULL,
  PRIMARY KEY (`CONTACT_ID`,`OFFICE_HELD_NAME`,`START_OFFICE`),
  CONSTRAINT `OFFICE_HELD_FK1` FOREIGN KEY (`CONTACT_ID`) REFERENCES `CONTACT` (`CONTACT_ID`)
) ENGINE=InnoDB DEFAULT CHARSET=utf8;
/*!40101 SET character_set_client = @saved_cs_client */;

--
-- Dumping data for table `OFFICE_HELD`
--

/*!40000 ALTER TABLE `OFFICE_HELD` DISABLE KEYS */;
INSERT INTO `OFFICE_HELD` VALUES (13,'2016-09-30 11:32:35','admin1','2016-09-30','2016-12-16','President',NULL),(13,'2016-09-30 11:33:13','admin1','2016-05-02','2016-09-28','Staff',NULL);
/*!40000 ALTER TABLE `OFFICE_HELD` ENABLE KEYS */;

--
-- Table structure for table `OFFICE_LIST`
--

DROP TABLE IF EXISTS `OFFICE_LIST`;
/*!40101 SET @saved_cs_client     = @@character_set_client */;
/*!40101 SET character_set_client = utf8 */;
CREATE TABLE `OFFICE_LIST` (
  `OFFICE_HELD_NAME` varchar(50) NOT NULL,
  `POSITION_NUMBER` int(11) DEFAULT '0',
  PRIMARY KEY (`OFFICE_HELD_NAME`)
) ENGINE=InnoDB DEFAULT CHARSET=utf8;
/*!40101 SET character_set_client = @saved_cs_client */;

--
-- Dumping data for table `OFFICE_LIST`
--

/*!40000 ALTER TABLE `OFFICE_LIST` DISABLE KEYS */;
INSERT INTO `OFFICE_LIST` VALUES ('President',1),('Secretary',2),('Staff',3),('Treasurer',4),('Vice-president',5);
/*!40000 ALTER TABLE `OFFICE_LIST` ENABLE KEYS */;

--
-- Table structure for table `PAYMENT_MODE_LIST`
--

DROP TABLE IF EXISTS `PAYMENT_MODE_LIST`;
/*!40101 SET @saved_cs_client     = @@character_set_client */;
/*!40101 SET character_set_client = utf8 */;
CREATE TABLE `PAYMENT_MODE_LIST` (
  `PAYMENT_MODE_NAME` varchar(50) NOT NULL,
  `POSITION_NUMBER` int(11) DEFAULT '0',
  PRIMARY KEY (`PAYMENT_MODE_NAME`)
) ENGINE=InnoDB DEFAULT CHARSET=utf8;
/*!40101 SET character_set_client = @saved_cs_client */;

--
-- Dumping data for table `PAYMENT_MODE_LIST`
--

/*!40000 ALTER TABLE `PAYMENT_MODE_LIST` DISABLE KEYS */;
INSERT INTO `PAYMENT_MODE_LIST` VALUES ('Bank direct',1),('Cash',2),('Cheque',3),('Giving Sg',4),('Other',6),('Paypal',5);
/*!40000 ALTER TABLE `PAYMENT_MODE_LIST` ENABLE KEYS */;

--
-- Table structure for table `PERMISSION_LEVEL_LIST`
--

DROP TABLE IF EXISTS `PERMISSION_LEVEL_LIST`;
/*!40101 SET @saved_cs_client     = @@character_set_client */;
/*!40101 SET character_set_client = utf8 */;
CREATE TABLE `PERMISSION_LEVEL_LIST` (
  `PERMISSION` varchar(50) NOT NULL,
  `DESCRIPTION` varchar(200) DEFAULT NULL,
  `POSITION_NUMBER` int(11) DEFAULT '0',
  PRIMARY KEY (`PERMISSION`)
) ENGINE=InnoDB DEFAULT CHARSET=utf8;
/*!40101 SET character_set_client = @saved_cs_client */;

--
-- Dumping data for table `PERMISSION_LEVEL_LIST`
--

/*!40000 ALTER TABLE `PERMISSION_LEVEL_LIST` DISABLE KEYS */;
INSERT INTO `PERMISSION_LEVEL_LIST` VALUES ('Associate','Joins event',1),('Event leader','Manages an event',2),('Team manager','Manages a team',3);
/*!40000 ALTER TABLE `PERMISSION_LEVEL_LIST` ENABLE KEYS */;

--
-- Table structure for table `PHONE`
--

DROP TABLE IF EXISTS `PHONE`;
/*!40101 SET @saved_cs_client     = @@character_set_client */;
/*!40101 SET character_set_client = utf8 */;
CREATE TABLE `PHONE` (
  `CONTACT_ID` int(11) NOT NULL,
  `DATE_CREATED` datetime NOT NULL,
  `CREATED_BY` varchar(50) NOT NULL,
  `COUNTRY_CODE` varchar(20) NOT NULL,
  `PHONE_NUMBER` varchar(20) NOT NULL,
  `REMARKS` varchar(1000) DEFAULT NULL,
  `DATE_OBSOLETE` date DEFAULT NULL,
  PRIMARY KEY (`CONTACT_ID`,`PHONE_NUMBER`),
  CONSTRAINT `PHONE_FK1` FOREIGN KEY (`CONTACT_ID`) REFERENCES `CONTACT` (`CONTACT_ID`) ON DELETE CASCADE
) ENGINE=InnoDB DEFAULT CHARSET=utf8;
/*!40101 SET character_set_client = @saved_cs_client */;

--
-- Dumping data for table `PHONE`
--

/*!40000 ALTER TABLE `PHONE` DISABLE KEYS */;
INSERT INTO `PHONE` VALUES (11,'2016-09-14 17:33:09','huxleygoh','65','2312314',NULL,NULL),(12,'2016-09-14 19:22:51','admin1','65','81113344',NULL,NULL),(14,'2016-09-14 17:30:44','admin1','65','12345678',NULL,NULL),(15,'2016-09-14 17:37:18','admin1','65','91111111','Remarks password',NULL),(15,'2016-09-30 15:46:22','admin1','65','99999999',NULL,'2016-10-09'),(17,'2016-09-14 19:12:54','admin1','65','62714282',NULL,NULL),(18,'2016-09-14 19:12:59','admin1','65','92416403',NULL,NULL),(19,'2016-09-14 19:24:53','minyi1','65','86663194',NULL,NULL),(21,'2016-09-14 19:30:45','leong1','1','201-123-4567',NULL,NULL),(21,'2016-09-14 19:30:21','leong1','65','90883456',NULL,NULL),(22,'2016-09-14 19:27:07','Miguel1','65','9019946',NULL,NULL),(27,'2016-09-17 16:45:18','admin1','65','912345678','added new information for my phone',NULL),(36,'2016-09-20 12:16:51','ADMIN1','65','1232121212',NULL,NULL),(36,'2016-09-19 11:26:54','admin1','65','90908875','The power of such eruptions is measured using the Volcanic Explosivity Index (VEI) a classification system developed in the 1980 that\'s somewhat akin to the magnitude scale for earthquakes. The scale goes from 1 to 8, and each succeeding VEI is 10 times greater than the last.',NULL),(47,'2016-09-20 15:42:28','sapiens','65','23455112','Construction began in April 1859, and at first digging was done by hand with picks and shovels wielded by forced laborers. Later, European workers with dredgers and steam shovels arrived. Labor disputes and a cholera epidemic slowed construction, and the Suez Canal was not completed until 1869–four years behind schedule. On November 17, 1869, the Suez Canal was opened to navigation. Ferdinand de Lesseps would later attempt, unsuccessfully, to build a canal across the Isthmus of Panama.',NULL),(48,'2016-09-20 15:45:52','sapiens','65','59600663','When it opened, the Suez Canal was only 25 feet deep, 72 feet wide at the bottom, and 200 to 300 feet wide at the surface. Consequently, fewer than 500 ships navigated it in its first full year of operation. Major improvements began in 1876, however, and the canal soon grew into the one of the world’s most heavily traveled shipping lanes. In 1875, Great Britain became the largest shareholder in the Suez Canal Company when it bought up the stock of the new Ottoman governor of Egypt.',NULL),(49,'2016-09-20 15:48:11','sapiens','65','41009899','When it opened, the Suez Canal was only 25 feet deep, 72 feet wide at the bottom, and 200 to 300 feet wide at the surface. Consequently, fewer than 500 ships navigated it in its first full year of operation. Major improvements began in 1876, however, and the canal soon grew into the one of the world’s most heavily traveled shipping lanes. In 1875, Great Britain became the largest shareholder in the Suez Canal Company when it bought up the stock of the new Ottoman governor of Egypt.',NULL),(50,'2016-09-20 15:51:06','sapiens','65','4646346558','Ten years later, Egypt shut down the canal again following the Six Day War and Israel’s occupation of the Sinai Peninsula. For the next eight years, the Suez Canal, which separates the Sinai from the rest of Egypt, existed as the front line between the Egyptian and Israeli armies. In 1975, Egyptian President Anwar el-Sadat reopened the Suez Canal as a gesture of peace after talks with Israel. Today, an average of 50 ships navigate the canal daily, carrying more than 300 million tons of goods a year.',NULL),(64,'2016-09-21 17:28:11','marcus2','65','81114444','lovely number',NULL),(68,'2016-09-22 17:10:05','sapiens','65','98769876',NULL,NULL),(70,'2016-09-26 14:50:59','sapiens','65','135567',NULL,NULL),(71,'2016-09-26 15:58:43','Sapiens','65','69635852',NULL,NULL),(77,'2016-10-03 14:39:22','admin1','65','91212124',NULL,NULL);
/*!40000 ALTER TABLE `PHONE` ENABLE KEYS */;

--
-- Table structure for table `PROXY`
--

DROP TABLE IF EXISTS `PROXY`;
/*!40101 SET @saved_cs_client     = @@character_set_client */;
/*!40101 SET character_set_client = utf8 */;
CREATE TABLE `PROXY` (
  `PRINCIPAL_ID` int(11) NOT NULL,
  `PROXY_ID` int(11) NOT NULL,
  `DATE_CREATED` datetime NOT NULL,
  `CREATED_BY` varchar(50) NOT NULL,
  `PROXY_STANDING` varchar(500) DEFAULT NULL,
  `DATE_OBSOLETE` date DEFAULT NULL,
  `REMARKS` varchar(1000) DEFAULT NULL,
  PRIMARY KEY (`PRINCIPAL_ID`,`PROXY_ID`),
  KEY `PROXY_FK2` (`PROXY_ID`),
  CONSTRAINT `PROXY_FK1` FOREIGN KEY (`PRINCIPAL_ID`) REFERENCES `CONTACT` (`CONTACT_ID`),
  CONSTRAINT `PROXY_FK2` FOREIGN KEY (`PROXY_ID`) REFERENCES `CONTACT` (`CONTACT_ID`)
) ENGINE=InnoDB DEFAULT CHARSET=utf8;
/*!40101 SET character_set_client = @saved_cs_client */;

--
-- Dumping data for table `PROXY`
--

/*!40000 ALTER TABLE `PROXY` DISABLE KEYS */;
INSERT INTO `PROXY` VALUES (14,1,'2016-09-26 15:35:23','admin1','NIL',NULL,NULL),(45,15,'2016-09-26 16:07:15','tansihao','NIL',NULL,NULL),(70,12,'2016-09-26 23:40:07','sapiens','Corporate Social Responsabililty Manager for Richmond clinic',NULL,'Shhh!   but Wendy thinks he\'s adorable');
/*!40000 ALTER TABLE `PROXY` ENABLE KEYS */;

--
-- Table structure for table `SKILL_ASSIGNMENT`
--

DROP TABLE IF EXISTS `SKILL_ASSIGNMENT`;
/*!40101 SET @saved_cs_client     = @@character_set_client */;
/*!40101 SET character_set_client = utf8 */;
CREATE TABLE `SKILL_ASSIGNMENT` (
  `CONTACT_ID` int(11) NOT NULL,
  `DATE_CREATED` datetime NOT NULL,
  `CREATED_BY` varchar(50) NOT NULL,
  `EXPLAIN_IF_OTHER` varchar(200) DEFAULT NULL,
  `DATE_OBSOLETE` date DEFAULT NULL,
  `REMARKS` varchar(1000) DEFAULT NULL,
  `SKILL_NAME` varchar(50) NOT NULL,
  PRIMARY KEY (`CONTACT_ID`,`SKILL_NAME`),
  CONSTRAINT `SKILL_ASSIGNMENT_FK1` FOREIGN KEY (`CONTACT_ID`) REFERENCES `CONTACT` (`CONTACT_ID`) ON DELETE CASCADE
) ENGINE=InnoDB DEFAULT CHARSET=utf8;
/*!40101 SET character_set_client = @saved_cs_client */;

--
-- Dumping data for table `SKILL_ASSIGNMENT`
--

/*!40000 ALTER TABLE `SKILL_ASSIGNMENT` DISABLE KEYS */;
INSERT INTO `SKILL_ASSIGNMENT` VALUES (15,'2016-09-14 17:38:49','admin1','no other eio',NULL,'no remarks skill','Accounting'),(22,'2016-09-14 19:27:58','Miguel1',NULL,NULL,NULL,'Infotech'),(36,'2016-09-19 11:28:14','admin1','The power of such eruptions is measured using the Volcanic Explosivity Index (VEI) a',NULL,'The power of such eruptions is measured using the Volcanic Explosivity Index (VEI) a classification system developed in the 1980 that\'s somewhat akin to the magnitude scale for earthquakes. The scale goes from 1 to 8, and each succeeding VEI is 10 times greater than the last.','Has shelter space'),(47,'2016-09-20 15:44:05','sapiens','The low price of oil is allowing cargo vessels to avoid the costly tariffs of the Suez and Panama canals',NULL,'Construction began in April 1859, and at first digging was done by hand with picks and shovels wielded by forced laborers. Later, European workers with dredgers and steam shovels arrived. Labor disputes and a cholera epidemic slowed construction, and the Suez Canal was not completed until 1869–four years behind schedule. On November 17, 1869, the Suez Canal was opened to navigation. Ferdinand de Lesseps would later attempt, unsuccessfully, to build a canal across the Isthmus of Panama.','Academia'),(49,'2016-09-20 15:49:28','sapiens','dgsrhafoaijgs p gkas jdgosidgjs odigsjv s jdg sodfsh gsbsbx bgo tye w 4645 6 867i',NULL,'When it opened, the Suez Canal was only 25 feet deep, 72 feet wide at the bottom, and 200 to 300 feet wide at the surface. Consequently, fewer than 500 ships navigated it in its first full year of operation. Major improvements began in 1876, however, and the canal soon grew into the one of the world’s most heavily traveled shipping lanes. In 1875, Great Britain became the largest shareholder in the Suez Canal Company when it bought up the stock of the new Ottoman governor of Egypt.','Has event space'),(50,'2016-09-20 15:52:33','sapiens','segs dgas  odgi weg osa dbv sdfb',NULL,'Ten years later, Egypt shut down the canal again following the Six Day War and Israel’s occupation of the Sinai Peninsula. For the next eight years, the Suez Canal, which separates the Sinai from the rest of Egypt, existed as the front line between the Egyptian and Israeli armies. In 1975, Egyptian President Anwar el-Sadat reopened the Suez Canal as a gesture of peace after talks with Israel. Today, an average of 50 ships navigate the canal daily, carrying more than 300 million tons of goods a year.','Pro-bono lawyer'),(68,'2016-09-26 23:12:54','Santaclaus',NULL,NULL,NULL,'Physio'),(71,'2016-09-26 16:00:17','Sapiens',NULL,NULL,NULL,'Counselling'),(71,'2016-09-26 16:00:31','Sapiens',NULL,NULL,'Minivan.','Has vehicle');
/*!40000 ALTER TABLE `SKILL_ASSIGNMENT` ENABLE KEYS */;

--
-- Table structure for table `TEAM_AFFILIATION_LIST`
--

DROP TABLE IF EXISTS `TEAM_AFFILIATION_LIST`;
/*!40101 SET @saved_cs_client     = @@character_set_client */;
/*!40101 SET character_set_client = utf8 */;
CREATE TABLE `TEAM_AFFILIATION_LIST` (
  `TEAM_NAME` varchar(50) NOT NULL,
  `DESCRIPTION` varchar(200) DEFAULT NULL,
  `POSITION_NUMBER` int(11) DEFAULT '0',
  PRIMARY KEY (`TEAM_NAME`)
) ENGINE=InnoDB DEFAULT CHARSET=utf8;
/*!40101 SET character_set_client = @saved_cs_client */;

--
-- Dumping data for table `TEAM_AFFILIATION_LIST`
--

/*!40000 ALTER TABLE `TEAM_AFFILIATION_LIST` DISABLE KEYS */;
INSERT INTO `TEAM_AFFILIATION_LIST` VALUES ('Casework','This is Casework team',1),('Communications','This is Communications team',2),('Discover Sg','This is Discover Sg team',3),('FareGo','This is FareGo team',4),('Fundraising','This is Fundraising team',5),('Intern','This is Intern team',6),('Lifeline','This is Lifeline team',7),('Other','This is Other',14),('Outreach','This is Outreach team',8),('Public Engagement','This is Public Engagement team',9),('R2R','This is R2R team',10),('Research','This is Research team',11),('Roof','This is Roof team',12),('TCRP','This is TCRP team',13);
/*!40000 ALTER TABLE `TEAM_AFFILIATION_LIST` ENABLE KEYS */;

--
-- Table structure for table `TEAM_JOIN`
--

DROP TABLE IF EXISTS `TEAM_JOIN`;
/*!40101 SET @saved_cs_client     = @@character_set_client */;
/*!40101 SET character_set_client = utf8 */;
CREATE TABLE `TEAM_JOIN` (
  `CONTACT_ID` int(11) NOT NULL,
  `TEAM_NAME` varchar(50) NOT NULL,
  `DATE_CREATED` datetime NOT NULL,
  `CREATED_BY` varchar(50) NOT NULL,
  `EXPLAIN_IF_OTHER` varchar(200) DEFAULT NULL,
  `SUBTEAM` varchar(50) DEFAULT NULL,
  `DATE_OBSOLETE` date DEFAULT NULL,
  `REMARKS` varchar(1000) DEFAULT NULL,
  `PERMISSION` varchar(50) DEFAULT NULL,
  PRIMARY KEY (`CONTACT_ID`,`TEAM_NAME`),
  CONSTRAINT `TEAM_JOIN_FK1` FOREIGN KEY (`CONTACT_ID`) REFERENCES `CONTACT` (`CONTACT_ID`) ON DELETE CASCADE
) ENGINE=InnoDB DEFAULT CHARSET=utf8;
/*!40101 SET character_set_client = @saved_cs_client */;

--
-- Dumping data for table `TEAM_JOIN`
--

/*!40000 ALTER TABLE `TEAM_JOIN` DISABLE KEYS */;
INSERT INTO `TEAM_JOIN` VALUES (1,'Casework','2016-09-30 16:39:13','admin1',NULL,NULL,NULL,NULL,NULL),(1,'Communications','2016-09-30 16:39:28','admin1',NULL,NULL,NULL,NULL,NULL),(11,'TCRP','2016-10-05 15:33:52','huxleygoh',NULL,NULL,NULL,NULL,'Associate'),(12,'Casework','2016-09-14 19:23:35','admin1',NULL,NULL,NULL,NULL,'Event leader'),(12,'TCRP','2016-09-14 19:23:45','admin1',NULL,NULL,NULL,NULL,'Event leader'),(13,'Communications','2016-09-14 17:30:18','admin1',NULL,NULL,NULL,NULL,'Team manager'),(13,'Intern','2016-09-14 17:30:18','admin1',NULL,NULL,NULL,NULL,NULL),(14,'Research','2016-09-14 17:30:54','admin1',NULL,NULL,NULL,NULL,'Associate'),(14,'TCRP','2016-09-23 18:08:42','neanderthalis',NULL,NULL,NULL,NULL,'Associate'),(15,'TCRP','2016-10-05 18:29:28','admin1',NULL,NULL,NULL,NULL,'Event leader'),(17,'Communications','2016-09-21 14:12:08','sapiens',NULL,NULL,NULL,NULL,'Event leader'),(17,'TCRP','2016-09-14 19:13:48','admin1',NULL,NULL,NULL,NULL,'Team manager'),(18,'TCRP','2016-09-14 19:13:18','admin1',NULL,NULL,NULL,NULL,'Event leader'),(19,'Communications','2016-09-21 14:12:56','sapiens',NULL,NULL,NULL,NULL,'Event leader'),(19,'TCRP','2016-09-14 19:13:55','admin1',NULL,NULL,NULL,NULL,'Event leader'),(21,'TCRP','2016-09-14 19:16:22','admin1',NULL,NULL,NULL,NULL,'Associate'),(22,'TCRP','2016-09-14 19:16:54','Admin1',NULL,NULL,NULL,NULL,'Event leader'),(23,'Casework','2016-09-19 08:46:15','admin1','explain 12','sub team 12',NULL,NULL,'Associate'),(24,'Casework','2016-09-19 08:46:15','admin1','explain 13','sub team 13',NULL,NULL,NULL),(25,'Casework','2016-09-19 08:46:15','admin1','explain 14','sub team 14',NULL,NULL,'Event leader'),(32,'TCRP','2016-09-19 08:51:29','admin1','explain 32','sub team 32',NULL,NULL,'Associate'),(33,'TCRP','2016-09-19 08:51:29','admin1','explain 33','sub team 33',NULL,NULL,NULL),(34,'TCRP','2016-09-19 08:51:29','admin1','explain 34','sub team 34',NULL,NULL,'Event leader'),(35,'TCRP','2016-09-19 08:52:17','admin1','explain 35','sub team 35',NULL,NULL,'Team manager'),(36,'Lifeline','2016-09-19 11:27:52','admin1',NULL,NULL,NULL,NULL,NULL),(36,'Public Engagement','2016-09-19 11:27:52','admin1',NULL,NULL,NULL,NULL,NULL),(36,'Roof','2016-09-19 11:27:52','admin1',NULL,NULL,NULL,NULL,NULL),(38,'Communications','2016-09-19 13:21:44','admin1',NULL,NULL,NULL,NULL,NULL),(38,'Discover Sg','2016-09-19 13:21:44','admin1',NULL,NULL,NULL,NULL,NULL),(39,'Discover Sg','2016-09-19 13:43:47','admin1',NULL,NULL,NULL,NULL,NULL),(39,'FareGo','2016-09-19 13:43:47','admin1',NULL,NULL,NULL,NULL,NULL),(39,'Intern','2016-09-19 13:43:47','admin1',NULL,NULL,NULL,NULL,NULL),(46,'FareGo','2016-09-20 15:12:12','darryl1',NULL,NULL,NULL,NULL,NULL),(47,'Communications','2016-09-20 15:43:18','sapiens',NULL,NULL,NULL,NULL,'Team manager'),(47,'Public Engagement','2016-09-20 15:43:18','sapiens',NULL,NULL,NULL,NULL,NULL),(47,'TCRP','2016-09-30 16:43:07','admin1',NULL,NULL,NULL,NULL,'Event leader'),(48,'Communications','2016-09-20 15:46:29','sapiens',NULL,NULL,NULL,NULL,'Event leader'),(48,'Roof','2016-09-20 15:46:29','sapiens',NULL,NULL,NULL,NULL,NULL),(48,'TCRP','2016-09-23 17:52:43','sapiens',NULL,NULL,NULL,NULL,'Associate'),(49,'Communications','2016-09-20 15:48:56','sapiens',NULL,NULL,NULL,NULL,'Associate'),(49,'Fundraising','2016-09-20 15:48:56','sapiens',NULL,NULL,NULL,NULL,NULL),(50,'Communications','2016-09-20 15:51:54','sapiens',NULL,NULL,NULL,NULL,'Associate'),(50,'FareGo','2016-09-20 15:51:54','sapiens',NULL,NULL,NULL,NULL,NULL),(50,'TCRP','2016-09-23 17:52:12','sapiens',NULL,NULL,NULL,NULL,'Associate'),(59,'Communications','2016-09-21 17:17:54','denisovus',NULL,NULL,NULL,NULL,'Event leader'),(61,'Communications','2016-09-21 17:18:14','neanderthalis',NULL,NULL,NULL,NULL,'Event leader'),(62,'Casework','2016-09-21 17:19:01','debbie1',NULL,NULL,NULL,NULL,NULL),(62,'Communications','2016-09-21 17:19:01','debbie1',NULL,NULL,NULL,NULL,'Event leader'),(62,'R2R','2016-09-21 17:19:01','debbie1',NULL,NULL,NULL,NULL,NULL),(63,'Communications','2016-09-21 17:18:22','Minyi1',NULL,NULL,NULL,NULL,'Event leader'),(64,'Communications','2016-09-21 17:18:38','admin1',NULL,NULL,NULL,NULL,'Associate'),(64,'Discover Sg','2016-09-21 17:18:38','admin1',NULL,NULL,NULL,NULL,'Associate'),(64,'Fundraising','2016-09-21 17:18:38','admin1',NULL,NULL,NULL,NULL,'Associate'),(64,'TCRP','2016-10-06 10:56:17','admin1',NULL,NULL,NULL,NULL,'Associate'),(65,'Communications','2016-09-21 17:19:05','Minyi1',NULL,NULL,NULL,NULL,NULL),(66,'Communications','2016-09-21 17:19:48','Minyi1',NULL,NULL,NULL,NULL,'Event leader'),(68,'Discover Sg','2016-09-22 17:11:15','sapiens',NULL,NULL,NULL,NULL,NULL),(68,'FareGo','2016-09-23 00:53:00','santaclaus',NULL,NULL,NULL,NULL,NULL),(68,'Intern','2016-09-29 19:12:59','darryl1',NULL,NULL,NULL,NULL,NULL),(68,'Roof','2016-09-26 23:12:20','Santaclaus',NULL,NULL,NULL,NULL,NULL),(68,'TCRP','2016-09-22 17:11:15','sapiens',NULL,NULL,NULL,NULL,'Associate'),(69,'Casework','2016-09-23 20:18:05','sapiens',NULL,NULL,NULL,NULL,NULL),(69,'Public Engagement','2016-09-23 20:18:05','sapiens',NULL,NULL,NULL,NULL,NULL),(69,'TCRP','2016-09-23 20:18:05','sapiens',NULL,NULL,NULL,NULL,'Team manager'),(71,'Discover Sg','2016-09-26 15:59:57','Sapiens',NULL,NULL,NULL,NULL,NULL),(71,'Outreach','2016-09-26 15:59:57','Sapiens',NULL,NULL,NULL,NULL,NULL),(75,'Communications','2016-09-30 17:01:45','sapiens',NULL,NULL,NULL,NULL,NULL),(75,'Public Engagement','2016-09-30 17:01:45','sapiens',NULL,NULL,NULL,NULL,NULL),(75,'TCRP','2016-09-30 17:01:45','sapiens',NULL,NULL,NULL,NULL,'Associate'),(77,'Discover Sg','2016-10-03 14:40:00','admin1',NULL,NULL,NULL,NULL,NULL),(77,'Fundraising','2016-10-03 14:40:00','admin1',NULL,NULL,NULL,NULL,NULL),(79,'TCRP','2016-10-05 15:33:34','admin1',NULL,NULL,NULL,NULL,'Associate');
/*!40000 ALTER TABLE `TEAM_JOIN` ENABLE KEYS */;

--
-- Table structure for table `TRAINING`
--

DROP TABLE IF EXISTS `TRAINING`;
/*!40101 SET @saved_cs_client     = @@character_set_client */;
/*!40101 SET character_set_client = utf8 */;
CREATE TABLE `TRAINING` (
  `TRAINING_ID` int(11) NOT NULL AUTO_INCREMENT,
  `CONTACT_ID` int(11) NOT NULL,
  `CREATED_BY` varchar(50) NOT NULL,
  `DATE_CREATED` datetime NOT NULL,
  `TEAM_NAME` varchar(50) NOT NULL,
  `EXPLAIN_IF_OTHER` varchar(200) DEFAULT NULL,
  `TRAINING_COURSE` varchar(50) DEFAULT NULL,
  `TRAINING_BY` varchar(50) DEFAULT NULL,
  `TRAINING_DATE` date DEFAULT NULL,
  `REMARKS` varchar(1000) DEFAULT NULL,
  PRIMARY KEY (`TRAINING_ID`),
  KEY `TRAINING_FK1` (`CONTACT_ID`),
  CONSTRAINT `TRAINING_FK1` FOREIGN KEY (`CONTACT_ID`) REFERENCES `CONTACT` (`CONTACT_ID`)
) ENGINE=InnoDB AUTO_INCREMENT=17 DEFAULT CHARSET=utf8;
/*!40101 SET character_set_client = @saved_cs_client */;

--
-- Dumping data for table `TRAINING`
--

/*!40000 ALTER TABLE `TRAINING` DISABLE KEYS */;
INSERT INTO `TRAINING` VALUES (6,1,'admin1','2016-09-14 17:57:57','Communications',NULL,NULL,NULL,NULL,NULL),(8,14,'admin1','2016-09-14 18:01:58','Communications',NULL,'aasdasd',NULL,NULL,NULL),(10,11,'admin1','2016-09-14 19:05:57','Discover Sg',NULL,NULL,NULL,NULL,NULL),(12,15,'admin1','2016-09-14 19:07:03','Communications',NULL,NULL,NULL,NULL,NULL),(13,16,'admin1','2016-09-14 19:10:16','Communications',NULL,NULL,NULL,NULL,NULL),(14,12,'admin1','2016-09-14 19:24:40','TCRP',NULL,'Training course','Alex','2016-09-06','Remarks'),(15,21,'admin1','2016-09-15 19:26:39','Casework',NULL,NULL,NULL,NULL,NULL),(16,64,'admin1','2016-09-29 09:14:22','Communications','Explaing if otherrrrr','Basketball Training','Someone','2016-09-16','remarks!!!');
/*!40000 ALTER TABLE `TRAINING` ENABLE KEYS */;

--
-- Table structure for table `TRAINING_CERTIFICATED`
--

DROP TABLE IF EXISTS `TRAINING_CERTIFICATED`;
/*!40101 SET @saved_cs_client     = @@character_set_client */;
/*!40101 SET character_set_client = utf8 */;
CREATE TABLE `TRAINING_CERTIFICATED` (
  `CERTIFICATION_ID` int(11) NOT NULL AUTO_INCREMENT,
  `CERTIFIED_BY` int(11) NOT NULL,
  `CREATED_BY` varchar(50) NOT NULL,
  `DATE_CREATED` datetime NOT NULL,
  `EXPLAIN_IF_OTHER` varchar(200) DEFAULT NULL,
  `TRAINING_COURSE` int(11) NOT NULL,
  `REMARKS` varchar(1000) DEFAULT NULL,
  PRIMARY KEY (`CERTIFICATION_ID`),
  KEY `TRAINING_CERTIFICATED_FK1` (`CERTIFIED_BY`),
  KEY `TRAINING_CERTIFICATED_FK2` (`TRAINING_COURSE`),
  CONSTRAINT `TRAINING_CERTIFICATED_FK1` FOREIGN KEY (`CERTIFIED_BY`) REFERENCES `CONTACT` (`CONTACT_ID`),
  CONSTRAINT `TRAINING_CERTIFICATED_FK2` FOREIGN KEY (`TRAINING_COURSE`) REFERENCES `EVENT` (`EVENT_ID`)
) ENGINE=InnoDB DEFAULT CHARSET=utf8;
/*!40101 SET character_set_client = @saved_cs_client */;

--
-- Dumping data for table `TRAINING_CERTIFICATED`
--

/*!40000 ALTER TABLE `TRAINING_CERTIFICATED` DISABLE KEYS */;
/*!40000 ALTER TABLE `TRAINING_CERTIFICATED` ENABLE KEYS */;

--
-- Table structure for table `TYPE_OF_CONTACT_LIST`
--

DROP TABLE IF EXISTS `TYPE_OF_CONTACT_LIST`;
/*!40101 SET @saved_cs_client     = @@character_set_client */;
/*!40101 SET character_set_client = utf8 */;
CREATE TABLE `TYPE_OF_CONTACT_LIST` (
  `CONTACT_TYPE` varchar(50) NOT NULL,
  `POSITION_NUMBER` int(11) DEFAULT '0',
  PRIMARY KEY (`CONTACT_TYPE`)
) ENGINE=InnoDB DEFAULT CHARSET=utf8;
/*!40101 SET character_set_client = @saved_cs_client */;

--
-- Dumping data for table `TYPE_OF_CONTACT_LIST`
--

/*!40000 ALTER TABLE `TYPE_OF_CONTACT_LIST` DISABLE KEYS */;
INSERT INTO `TYPE_OF_CONTACT_LIST` VALUES ('Corporate',1),('Diplomatic',2),('Educational',3),('Employer',4),('Event services',5),('Financial',6),('Financial services',7),('Foundation',8),('Government-linked',9),('Individual',10),('Job agent',11),('Legal',12),('Maintenance & repair',13),('Media abroad',14),('Media local',15),('Medical',16),('Nonprofit abroad',17),('Nonprofit local',18),('Office services',19),('Other',23),('Product supplier',20),('Religious',21),('TWC2',22);
/*!40000 ALTER TABLE `TYPE_OF_CONTACT_LIST` ENABLE KEYS */;
/*!40103 SET TIME_ZONE=@OLD_TIME_ZONE */;

/*!40101 SET SQL_MODE=@OLD_SQL_MODE */;
/*!40014 SET FOREIGN_KEY_CHECKS=@OLD_FOREIGN_KEY_CHECKS */;
/*!40014 SET UNIQUE_CHECKS=@OLD_UNIQUE_CHECKS */;
/*!40101 SET CHARACTER_SET_CLIENT=@OLD_CHARACTER_SET_CLIENT */;
/*!40101 SET CHARACTER_SET_RESULTS=@OLD_CHARACTER_SET_RESULTS */;
/*!40101 SET COLLATION_CONNECTION=@OLD_COLLATION_CONNECTION */;
/*!40111 SET SQL_NOTES=@OLD_SQL_NOTES */;

-- Dump completed on 2016-10-14 14:07:21
